{
  "batch_sizes": [
    1,
    2,
    4,
    8,
    16
  ],
  "seq_length": 256,
  "avg_times": [
    55.55793914794922,
    100.32846221923828,
    179.02532348632812,
    387.14142456054685,
    701.72451171875
  ],
  "std_times": [
    8.88508558402834,
    7.1435724249343835,
    26.844542531681903,
    2.754068911016459,
    78.01433230307036
  ],
  "model": "Qwen/Qwen3-4B",
  "trials": 5,
  "warmup": 3
}