{
  "batch_sizes": [
    1,
    2,
    4,
    8,
    16
  ],
  "seq_length": 256,
  "avg_times": [
    46.81093139648438,
    88.84284210205078,
    140.73979949951172,
    267.8440307617187,
    525.9794494628907
  ],
  "std_times": [
    4.994134974317618,
    11.811234974639504,
    13.281520584645863,
    34.163362216518756,
    22.163234486974808
  ],
  "model": "Qwen/Qwen2.5-3B",
  "trials": 5,
  "warmup": 3
}