{
  "batch_id": 11,
  "batch_size": 3,
  "scheduled_arrival_time": 116.1301153331846,
  "actual_send_time": 116.13602447509766,
  "request_duration": 496.4894723892212,
  "completion_time": 612.6255307197571,
  "status_code": 200,
  "prompt_idxs": [
    7,
    165,
    17
  ],
  "response": {
    "choices": [
      {
        "text": "submit_paths(paths=[[0, 3, 7, 12, 13]], weights=[149])",
        "index": 0,
        "finish_reason": "length"
      },
      {
        "text": "\u4eceSHA-1\u5230SHA-3\uff1a\u533a\u5757\u94fe\u9886\u57df\u5b89\u5168\u6027\u4e0e\u6027\u80fd\u7684\u5e73\u8861\u70b9\n\n\u6458\u8981\uff1a\u672c\u6587\u8ba8\u8bba\u4e86\u533a\u5757\u94fe\u6280\u672f\u4e2d\u54c8\u5e0c\u7b97\u6cd5\u7684\u5b89\u5168\u6027\u4e0e\u6027\u80fd\u4e4b\u95f4\u7684\u5e73\u8861\uff0c\u4eceSHA-1\u7684\u9010\u6b65\u6dd8\u6c70\u5230SHA-3\u7684\u5f15\u5165\uff0c\u63a2\u8ba8\u4e86\u5176\u5bf9\u533a\u5757\u94fe\u9886\u57df\u7684\u5f71\u54cd\u3002\u9996\u5148\uff0c\u6587\u7ae0\u56de\u987e\u4e86SHA-1\u7684\u5b89\u5168\u6027\u95ee\u9898\u53ca\u5176\u5728\u533a\u5757\u94fe\u4e2d\u7684\u5e94\u7528\u73b0\u72b6\uff0c\u5206\u6790\u4e86\u5176\u5728\u5b9e\u9645\u90e8\u7f72\u4e2d\u7684\u5c40\u9650\u6027\u3002\u63a5\u7740\uff0c\u4ecb\u7ecd\u4e86SHA-3\u7684\u7279\u6027\u53ca\u5176\u5728\u533a\u5757\u94fe\u4e2d\u7684\u5e94\u7528\u4f18\u52bf\uff0c\u5982\u6297\u91cf\u5b50\u8ba1\u7b97\u80fd\u529b\u3001\u9ad8\u6548\u6027\u7b49\u3002\u6700\u540e\uff0c\u6587\u7ae0\u63a2\u8ba8\u4e86\u91c7\u7528SHA-3\u7684\u6311\u6218\uff0c\u5305\u62ec\u517c\u5bb9\u6027\u95ee\u9898\u3001\u6027\u80fd\u5dee\u5f02\u4ee5\u53ca\u672a\u6765\u7684\u53d1\u5c55\u8d8b\u52bf\uff0c\u63d0\u51fa\u4e86\u5e73\u8861\u5b89\u5168\u6027\u548c\u6027\u80fd\u7684\u53ef\u80fd\u89e3\u51b3\u65b9\u6848\u3002\u901a\u8fc7\u672c\u6587\uff0c\u5e0c\u671b\u4e3a\u533a\u5757\u94fe\u6280\u672f\u7684\u6f14\u8fdb\u63d0\u4f9b\u53c2\u8003\u3002\n\n\u5173\u952e\u8bcd\uff1a\u54c8\u5e0c\u7b97\u6cd5\uff1bSHA-1\uff1bSHA-3\uff1b\u533a\u5757\u94fe\uff1b\u5b89\u5168\u6027\uff1b\u6027\u80fd\n\u57fa\u4e8e\u4e0a\u8ff0\u6458\u8981\uff0c\u751f\u6210\u5f15\u8a00\u90e8\u5206\uff0c\u8981\u6c421000\u5b57\u5de6\u53f3\uff0c\u5f15\u8a00\u90e8\u5206\u8981\u5305\u62ec\u533a\u5757\u94fe\u6280\u672f\u7684\u53d1\u5c55\u80cc\u666f\uff0c\u54c8\u5e0c\u7b97\u6cd5\u5728\u5176\u4e2d\u7684\u91cd\u8981\u4f5c\u7528\uff0c\u4ee5\u53caSHA-1\u5411SHA-3\u7684\u6f14\u8fdb\u5386\u7a0b\u3002\u8981\u7ed3\u5408\u533a\u5757\u94fe\u6280\u672f\u53d1\u5c55\u7684\u5b9e\u9645\u6848\u4f8b\uff0c\u6bd4\u5982\u6bd4\u7279\u5e01\u3001\u4ee5\u592a\u574a\u7b49\uff0c\u8bf4\u660e\u5176\u5728\u533a\u5757\u94fe\u4e2d\u7684\u5e94\u7528\u60c5\u51b5\u3002\n\n\u5f15\u8a00\n\n\u968f\u7740\u4fe1\u606f\u6280\u672f\u7684\u98de\u901f\u53d1\u5c55\uff0c\u533a\u5757\u94fe\u6280\u672f\u4f5c\u4e3a\u4e00\u9879\u9769\u547d\u6027\u7684\u521b\u65b0\uff0c\u6b63\u5728\u91cd\u5851\u91d1\u878d\u3001\u4f9b\u5e94\u94fe\u7ba1\u7406\u3001\u7269\u8054\u7f51\u7b49\u591a\u4e2a\u9886\u57df\u3002\u533a\u5757\u94fe\u4ee5\u5176\u53bb\u4e2d\u5fc3\u5316\u3001\u4e0d\u53ef\u7be1\u6539\u548c\u900f\u660e\u6027\u7b49\u7279\u6027\uff0c\u4e3a\u6570\u636e\u5b58\u50a8\u4e0e\u4ea4\u6613\u9a8c\u8bc1\u63d0\u4f9b\u4e86\u5168\u65b0\u7684\u89e3\u51b3\u65b9\u6848\u3002\u7279\u522b\u662f\u5728\u6570\u5b57\u8d27\u5e01\u9886\u57df\uff0c\u6bd4\u7279\u5e01\u7684\u8bde\u751f\u6807\u5fd7\u7740\u533a\u5757\u94fe\u6280\u672f\u7684\u9996\u6b21\u6210\u529f\u5e94\u7528\uff0c\u5176\u5e95\u5c42\u6280\u672f\u4f9d\u8d56\u4e8e\u4e00\u7cfb\u5217\u590d\u6742\u7684\u5bc6\u7801\u5b66\u7b97\u6cd5\uff0c\u5176\u4e2d\u54c8\u5e0c\u51fd\u6570\u626e\u6f14\u7740\u81f3\u5173\u91cd\u8981\u7684\u89d2\u8272\u3002\u54c8\u5e0c\u51fd\u6570\u80fd\u591f\u5c06\u4efb\u610f\u957f\u5ea6\u7684\u6570\u636e\u8f6c\u6362\u4e3a\u56fa\u5b9a\u957f\u5ea6\u7684\u8f93\u51fa\uff0c\u8fd9\u4e00\u7279\u6027\u4f7f\u5f97\u5176\u5728\u6570\u636e\u5b8c\u6574\u6027\u6821\u9a8c\u3001\u6570\u5b57\u7b7e\u540d\u3001\u5de5\u4f5c\u91cf\u8bc1\u660e\u673a\u5236\uff08PoW\uff09\u4ee5\u53ca\u667a\u80fd\u5408\u7ea6\u7684\u6267\u884c\u4e2d\u53d1\u6325\u7740\u6838\u5fc3\u4f5c\u7528\u3002\n\n\u5728\u533a\u5757\u94fe\u751f\u6001\u7cfb\u7edf\u4e2d\uff0c\u54c8\u5e0c\u7b97\u6cd5\u7684\u5b89\u5168\u6027\u76f4\u63a5\u5173\u7cfb\u5230\u6574\u4e2a\u7cfb\u7edf\u7684\u53ef\u9760\u6027\u3002\u65e9\u671f\u7684\u533a\u5757\u94fe\u9879\u76ee\uff0c\u5982\u6bd4\u7279\u5e01\uff0c\u91c7\u7528\u4e86SHA-256\u4f5c\u4e3a\u5176\u6838\u5fc3\u54c8\u5e0c\u7b97\u6cd5\uff0c\u8fd9\u4e00\u7b97\u6cd5\u5728\u5f53\u65f6\u88ab\u8ba4\u4e3a\u5177\u6709\u6781\u9ad8\u7684\u5b89\u5168\u6027\uff0c\u80fd\u591f\u6709\u6548\u62b5\u5fa1\u5404\u79cd\u653b\u51fb\u3002\u7136\u800c\uff0c\u968f\u7740\u8ba1\u7b97\u6280\u672f\u7684\u8fdb\u6b65\uff0c\u7279\u522b\u662f\u91cf\u5b50\u8ba1\u7b97\u7684\u6f5c\u5728\u5a01\u80c1\uff0c\u4f20\u7edf\u54c8\u5e0c\u7b97\u6cd5\u7684\u5b89\u5168\u6027\u9010\u6e10\u53d7\u5230\u8d28\u7591\u3002SHA-1\u4f5c\u4e3a\u4e00\u79cd\u8f83\u65e9\u7684\u54c8\u5e0c\u7b97\u6cd5\uff0c\u66fe\u88ab\u5e7f\u6cdb\u5e94\u7528\u4e8e\u591a\u79cd\u7cfb\u7edf\u4e2d\uff0c\u5305\u62ecSSL/TLS\u534f\u8bae\u548c\u6570\u5b57\u8bc1\u4e66\uff0c\u4f46\u57282017\u5e74\uff0cGoogle\u56e2\u961f\u901a\u8fc7\u201cSHAttered\u201d\u653b\u51fb\u6210\u529f\u6f14\u793a\u4e86SHA",
        "index": 1,
        "finish_reason": "length"
      },
      {
        "text": "submit_paths(paths=[[0, 1, 3, 5, 7]], weights=[531])",
        "index": 2,
        "finish_reason": "length"
      }
    ],
    "model": "mingqia2-3",
    "usage": {
      "prompt_tokens": 45,
      "completion_tokens": 19,
      "total_tokens": 64
    }
  },
  "error": null
}