{
  "batch_id": 90,
  "batch_size": 3,
  "scheduled_arrival_time": 1107.1985248755368,
  "actual_send_time": 1107.2024252414703,
  "request_duration": 487.55456709861755,
  "completion_time": 1594.7570281028748,
  "status_code": 200,
  "prompt_idxs": [
    179,
    275,
    107
  ],
  "response": {
    "choices": [
      {
        "text": "\u5c0fTriangle\uff0c\u80d6Triangle\uff0c\u548cSquare\u5728\u73a9\u4e00\u4e2a\u6e38\u620f\uff0c\u4ed6\u4eec\u628a\u4e00\u4e2a\u5706\u5206\u6210\u82e5\u5e72\u4e2a\u6247\u5f62\uff0c\u6bcf\u4e2a\u6247\u5f62\u90fd\u753b\u4e0a\u6570\u5b57\uff0c\u7136\u540e\u628a\u5706\u76d8\u65cb\u8f6c\uff0c\u6bcf\u6b21\u65cb\u8f6c\u540e\uff0c\u5706\u76d8\u4e0a\u7684\u6570\u5b57\u4f1a\u6309\u7167\u67d0\u79cd\u89c4\u5219\u53d8\u5316\uff0c\u6bd4\u5982\u6bcf\u6b21\u65cb\u8f6c\u540e\uff0c\u6570\u5b57\u4f1a\u589e\u52a01\u6216\u8005\u7ffb\u500d\uff0c\u6216\u8005\u968f\u673a\u9009\u62e9\u4e00\u4e2a\u6570\u5b57\u3002\u6e38\u620f\u7684\u89c4\u5219\u662f\uff0c\u5f53\u67d0\u4e2a\u4eba\u7684\u6570\u5b57\u5728\u65cb\u8f6c\u540e\u53d8\u6210\u67d0\u4e2a\u7279\u5b9a\u7684\u6570\u65f6\uff0c\u4ed6\u4eec\u5c31\u8d62\u4e86\u3002\u5c0fTriangle\u7684\u6570\u5b57\u662f3\uff0c\u80d6Triangle\u7684\u6570\u5b57\u662f4\uff0cSquare\u7684\u6570\u5b57\u662f5\u3002\u73b0\u5728\u4ed6\u4eec\u5f00\u59cb\u65cb\u8f6c\u5706\u76d8\uff0c\u6bcf\u4e2a\u73a9\u5bb6\u8f6e\u6d41\u65cb\u8f6c\u5706\u76d8\uff0c\u65cb\u8f6c\u540e\u6570\u5b57\u4f1a\u6839\u636e\u89c4\u5219\u53d8\u5316\u3002\u5982\u679c\u5706\u76d8\u65cb\u8f6c\u540e\u6570\u5b57\u53d8\u4e3a\u67d0\u4e2a\u7279\u5b9a\u7684\u6570\uff0c\u6bd4\u59827\uff0c\u90a3\u4e48\u8c01\u8d62\u4e86\uff1f\n\n\u597d\u7684\uff0c\u6211\u73b0\u5728\u8981\u89e3\u51b3\u8fd9\u4e2a\u95ee\u9898\u3002\u9996\u5148\uff0c\u9898\u76ee\u662f\u8bf4\u5c0fTriangle\u3001\u80d6Triangle\u548cSquare\u5728\u73a9\u4e00\u4e2a\u6e38\u620f\uff0c\u4ed6\u4eec\u628a\u4e00\u4e2a\u5706\u5206\u6210\u82e5\u5e72\u4e2a\u6247\u5f62\uff0c\u6bcf\u4e2a\u6247\u5f62\u753b\u4e0a\u6570\u5b57\u3002\u7136\u540e\u65cb\u8f6c\u5706\u76d8\uff0c\u6bcf\u6b21\u65cb\u8f6c\u540e\uff0c\u6570\u5b57\u4f1a\u6309\u7167\u67d0\u79cd\u89c4\u5219\u53d8\u5316\uff0c\u6bd4\u5982\u589e\u52a01\u3001\u7ffb\u500d\uff0c\u6216\u8005\u968f\u673a\u9009\u62e9\u4e00\u4e2a\u6570\u5b57\u3002\u6e38\u620f\u7684\u89c4\u5219\u662f\u5f53\u67d0\u4e2a\u4eba\u7684\u6570\u5b57\u5728\u65cb\u8f6c\u540e\u53d8\u6210\u67d0\u4e2a\u7279\u5b9a\u7684\u6570\u65f6\uff0c\u4ed6\u4eec\u5c31\u8d62\u4e86\u3002\u73b0\u5728\u7ed9\u51fa\u7684\u521d\u59cb\u6570\u5b57\u662f\u5c0fTriangle\u662f3\uff0c\u80d6Triangle\u662f4\uff0cSquare\u662f5\u3002\u73b0\u5728\u4ed6\u4eec\u5f00\u59cb\u8f6e\u6d41\u65cb\u8f6c\u5706\u76d8\uff0c\u6bcf\u6b21\u65cb\u8f6c\u540e\u6570\u5b57\u4f1a\u6839\u636e\u89c4\u5219\u53d8\u5316\u3002\u95ee\u9898\u95ee\u7684\u662f\uff0c\u5982\u679c\u5706\u76d8\u65cb\u8f6c\u540e\u6570\u5b57\u53d8\u4e3a\u67d0\u4e2a\u7279\u5b9a\u7684\u6570\uff0c\u6bd4\u59827\uff0c\u90a3\u4e48\u8c01\u8d62\u4e86\uff1f\n\n\u4e0d\u8fc7\u9898\u76ee\u4e2d\u597d\u50cf\u6ca1\u6709\u660e\u786e\u8bf4\u660e\u6bcf\u6b21\u65cb\u8f6c\u540e\u6570\u5b57\u662f\u600e\u4e48\u53d8\u5316\u7684\uff0c\u6bd4\u5982\u662f\u589e\u52a01\u3001\u7ffb\u500d\u8fd8\u662f\u968f\u673a\u9009\u62e9\u4e00\u4e2a\u6570\u5b57\uff1f\u53ef\u80fd\u9898\u76ee\u4e2d\u7684\u89c4\u5219\u53ef\u80fd\u88ab\u7701\u7565\u4e86\uff0c\u6216\u8005\u53ef\u80fd\u9700\u8981\u4ece\u4e0a\u4e0b\u6587\u4e2d\u63a8\u65ad\uff1f\u6216\u8005\u53ef\u80fd\u9898\u76ee\u4e2d\u7684\u89c4\u5219\u662f\u6bcf\u6b21\u65cb\u8f6c\u540e\u6570\u5b57\u4f1a\u53d8\u6210\u539f\u6765\u7684\u67d0\u4e2a\u51fd\u6570\uff0c\u6bd4\u5982\u52a01\u6216\u8005\u7ffb\u500d\uff1f\n\n\u6216\u8005\u53ef\u80fd\u9898\u76ee\u4e2d\u7684\u89c4\u5219\u662f\u6bcf\u6b21\u65cb\u8f6c\u540e\uff0c\u6570\u5b57\u4f1a\u6309\u7167\u67d0\u79cd\u89c4\u5219\u53d8\u5316\uff0c\u6bd4\u5982\u6bcf\u6b21\u65cb\u8f6c\u540e\uff0c\u5f53\u524d\u73a9\u5bb6\u7684\u6570\u5b57\u4f1a\u6839\u636e\u89c4\u5219\u53d8\u5316\uff0c\u800c\u5176\u4ed6\u4eba\u7684\u6570\u5b57\u4e0d\u53d8\uff1f\u6216\u8005\u53ef\u80fd\u6240\u6709\u4eba\u7684\u6570\u5b57\u90fd\u4f1a\u88ab\u6539\u53d8\uff1f\n\n\u6216\u8005\uff0c\u53ef\u80fd\u6bcf\u4e2a\u73a9\u5bb6\u5728\u81ea\u5df1\u7684\u56de\u5408\u65cb\u8f6c\u5706\u76d8\uff0c\u7136\u540e\u6839\u636e\u89c4\u5219\u6539\u53d8\u81ea\u5df1\u7684\u6570\u5b57\uff1f\u6bd4\u5982\uff0c\u6bcf\u4e2a\u73a9\u5bb6\u5728\u81ea\u5df1\u7684\u56de\u5408\u65cb\u8f6c\u5706\u76d8\uff0c\u7136\u540e\u6839\u636e\u65cb\u8f6c\u7684\u7ed3\u679c\u6539\u53d8\u81ea\u5df1\u7684\u6570\u5b57\uff0c\u6bd4\u5982\u52a01\u6216\u8005\u7ffb\u500d\uff1f\n\n\u4e0d\u8fc7\u9898\u76ee\u4e2d\u63d0\u5230\u7684\u662f\u201c\u6bcf\u6b21\u65cb\u8f6c\u540e\uff0c\u5706\u76d8\u4e0a\u7684\u6570\u5b57\u4f1a\u6309\u7167\u67d0\u79cd\u89c4\u5219\u53d8\u5316\u201d\uff0c\u53ef\u80fd\u8fd9\u91cc\u7684\u89c4\u5219\u662f\u6bcf\u4e2a\u73a9\u5bb6\u5728\u65cb\u8f6c\u540e\uff0c\u4ed6\u4eec\u7684\u6570\u5b57\u4f1a\u53d8\u5316\uff0c\u6bd4\u5982\u6bcf\u6b21\u65cb\u8f6c\u540e",
        "prompt": "Instruction: Please provide us with a list of the best conservation starter questions related to the weather.\nQuestion: \nGeneration:",
        "index": 0,
        "finish_reason": "length"
      },
      {
        "text": "The answer is A",
        "prompt": "The following is a multiple choice question (with answers) about  professional medicine.  Output the answer in the format of \"The answer is (X)\" at the end.\n\nQuestion: A 29-year-old woman is prescribed carbamazepine for trigeminal neuralgia. She has a strong family history of osteoporosis. As a result, the physician also advises her to increase her intake of vitamin D. The most likely reason for this recommendation is that carbamazepine may affect which of the following pharmacokinetic processes?\n Options:\nA. Absorption\nB. Distribution\nC. Excretion\nD. Metabolism\nAnswer:",
        "index": 1,