{
  "batch_id": 33,
  "batch_size": 4,
  "scheduled_arrival_time": 411.23148345485254,
  "actual_send_time": 411.2330915927887,
  "request_duration": 572.1166863441467,
  "completion_time": 983.3497927188873,
  "status_code": 200,
  "prompt_idxs": [
    67,
    171,
    30,
    128
  ],
  "response": {
    "choices": [
      {
        "text": "submit_paths(paths=[[0, 5, 12, 17]], weights=[437])",
        "prompt": "You are given a directed graph with 18 nodes (numbered 0 to 17) and the following edges:\n\nEdges (source -> target, weight):\n0 -> 1, weight: 794\n0 -> 2, weight: 534\n0 -> 3, weight: 552\n0 -> 4, weight: 514\n0 -> 5, weight: 22\n0 -> 6, weight: 506\n0 -> 7, weight: 867\n0 -> 8, weight: 217\n1 -> 2, weight: 146\n1 -> 3, weight: 25\n1 -> 4, weight: 526\n1 -> 5, weight: 102\n1 -> 6, weight: 804\n1 -> 7, weight: 829\n1 -> 8, weight: 731\n1 -> 9, weight: 23\n2 -> 3, weight: 470\n2 -> 4, weight: 352\n2 -> 5, weight: 270\n2 -> 6, weight: 346\n2 -> 7, weight: 473\n2 -> 8, weight: 485\n2 -> 9, weight: 618\n2 -> 10, weight: 156\n3 -> 4, weight: 486\n3 -> 5, weight: 775\n3 -> 6, weight: 296\n3 -> 7, weight: 350\n3 -> 8, weight: 499\n3 -> 9, weight: 384\n3 -> 10, weight: 38\n3 -> 11, weight: 669\n4 -> 5, weight: 809\n4 -> 6, weight: 401\n4 -> 7, weight: 412\n4 -> 8, weight: 567\n4 -> 9, weight: 355\n4 -> 10, weight: 136\n4 -> 11, weight: 820\n4 -> 12, weight: 559\n5 -> 6, weight: 447\n5 -> 7, weight: 741\n5 -> 8, weight: 590\n5 -> 9, weight: 440\n5 -> 10, weight: 830\n5 -> 11, weight: 317\n5 -> 12, weight: 115\n5 -> 13, weight: 699\n6 -> 7, weight: 863\n6 -> 8, weight: 193\n6 -> 9, weight: 226\n6 -> 10, weight: 9\n6 -> 11, weight: 788\n6 -> 12, weight: 668\n6 -> 13, weight: 833\n6 -> 14, weight: 867\n7 -> 8, weight: 619\n7 -> 9, weight: 534\n7 -> 10, weight: 588\n7 -> 11, weight: 421\n7 -> 12, weight: 127\n7 -> 13, weight: 463\n7 -> 14, weight: 108\n7 -> 15, weight: 189\n8 -> 9, weight: 401\n8 -> 10, weight: 20\n8 -> 11, weight: 659\n8 -> 12, weight: 133\n8 -> 13, weight: 645\n8 -> 14, weight: 260\n8 -> 15, weight: 762\n8 -> 16, weight: 227\n9 -> 10, weight: 73\n9 -> 11, weight: 130\n9 -> 12, weight: 774\n9 -> 13, weight: 10\n9 -> 14, weight: 737\n9 -> 15, weight: 850\n9 -> 16, weight: 663\n9 -> 17, weight: 219\n10 -> 11, weight: 519\n10 -> 12, weight: 387\n10 -> 13, weight: 344\n10 -> 14, weight: 799\n10 -> 15, weight: 718\n10 -> 16, weight: 717\n10 -> 17, weight: 607\n10 -> 0, weight: 184\n11 -> 12, weight: 552\n11 -> 13, weight: 513\n11 -> 14, weight: 122\n11 -> 15, weight: 596\n11 -> 16, weight: 710\n11 -> 17, weight: 155\n11 -> 0, weight: 461\n11 -> 1, weight: 482\n12 -> 13, weight: 564\n12 -> 14, weight: 714\n12 -> 15, weight: 621\n12 -> 16, weight: 863\n12 -> 17, weight: 300\n12 -> 0, weight: 2\n12 -> 1, weight: 665\n12 -> 2, weight: 187\n13 -> 14, weight: 390\n13 -> 15, weight: 813\n13 -> 16, weight: 189\n13 -> 17, weight: 332\n13 -> 0, weight: 863\n13 -> 1, weight: 875\n13 -> 2, weight: 318\n13 -> 3, weight: 248\n14 -> 15, weight: 502\n14 -> 16, weight: 574\n14 -> 17, weight: 843\n14 -> 0, weight: 800\n14 -> 1, weight: 764\n14 -> 2, weight: 485\n14 -> 3, weight: 128\n14 -> 4, weight: 738\n15 -> 16, weight: 692\n15 -> 17, weight: 178\n15 -> 0, weight: 649\n15 -> 1, weight: 872\n15 -> 2, weight: 181\n15 -> 3, weight: 643\n15 -> 4, weight: 361\n15 -> 5, weight: 1\n16 -> 17, weight: 159\n16 -> 0, weight: 131\n16 -> 1, weight: 23\n16 -> 2, weight: 695\n16 -> 3, weight: 756\n16 -> 4, weight: 190\n16 -> 5, weight: 381\n16 -> 6, weight: 121\n17 -> 0, weight: 445\n17 -> 1, weight: 78\n17 -> 2, weight: 137\n17 -> 3, weight: 579\n17 -> 4, weight: 413\n17 -> 5, weight: 271\n17 -> 6, weight: 489\n17 -> 7, weight: 393\n\nFind the top 1 shortest path from node 0 to node 17.\n\nReturn your answer by calling the submit_paths function with:\n- paths: A list of paths, where each path is a list of node indices\n- weights: A list of corresponding path weights\n\nFor example, if the shortest path is [0, 2, 4] with weight 10, call:\nsubmit_paths(paths=[[0, 2, 4]], weights=[10])\n",
        "index": 0,
        "finish_reason": "length"
      },
      {
        "text": "class UTextBlock* UBP_Widget_DialogueChoice_C::GetDialogueChoiceTextBlock()\n{\n\tstatic auto fn = UObject::FindObject<UFunction>(\"Function BP_Widget_DialogueChoice.BP_Widget_DialogueChoice_C.GetDialogueChoiceTextBlock\");\n\n\tUBP_Widget_DialogueChoice_C_GetDialogueChoiceTextBlock_Params params;\n\n\tauto flags = fn->FunctionFlags;\n\n\tUObject::ProcessEvent(fn, &params);\n\n\tfn->FunctionFlags = flags;\n\n\treturn params.ReturnValue;\n}//\u6ce8\u610f\uff1a\u8fd9\u4e2a\u51fd\u6570\u662f\u901a\u8fc7\u53cd\u5c04\u83b7\u53d6\u7684\uff0c\u6240\u4ee5\u662f\u7528\u8fd9\u4e2a\u65b9\u5f0f\u8c03\u7528\u3002  \n\u8fd9\u4e2a\u51fd\u6570\u662f\u901a\u8fc7\u53cd\u5c04\u83b7\u53d6\u7684\u5417\uff1f \u4e3a\u4ec0\u4e48\uff1f \n\n\u8fd9\u4e2a\u51fd\u6570 `GetDialogueChoiceTextBlock` \u662f\u901a\u8fc7\u53cd\u5c04\u83b7\u53d6\u7684\u5417\uff1f \u4e3a\u4ec0\u4e48\uff1f\n\n\u8fd9\u4e2a\u51fd\u6570 `GetDialogueChoiceTextBlock` \u662f\u901a\u8fc7\u53cd\u5c04\u83b7\u53d6\u7684\u5417\uff1f \u4e3a\u4ec0\u4e48\uff1f\n\n\u8fd9\u4e2a\u51fd\u6570 `GetDialogueChoiceTextBlock` \u662f\u901a\u8fc7\u53cd\u5c04\u83b7\u53d6\u7684\u5417\uff1f \u4e3a\u4ec0\u4e48\uff1f \u8fd9\u4e2a\u95ee\u9898\u770b\u8d77\u6765\u6709\u70b9\u91cd\u590d\uff0c\u4f46\u6211\u4f1a\u9010\u4e00\u8be6\u7ec6\u89e3\u91ca\u3002\n\n\u9996\u5148\uff0c\u4ece\u4ee3\u7801\u6765\u770b\uff1a\n\n```cpp\nclass UTextBlock* UBP_Widget_DialogueChoice_C::GetDialogueChoiceTextBlock()\n{\n    static auto fn = UObject::FindObject<UFunction>(\"Function BP_Widget_DialogueChoice.BP_Widget_DialogueChoice_C.GetDialogueChoiceTextBlock\");\n\n    UBP_Widget_DialogueChoice_C_GetDialogueChoiceTextBlock_Params params;\n\n    auto flags = fn->FunctionFlags;\n\n    UObject::ProcessEvent(fn, &params);\n\n    fn->FunctionFlags = flags;\n\n    return params.ReturnValue;\n}\n```\n\n### 1. \u8fd9\u4e2a\u51fd\u6570\u662f\u901a\u8fc7\u53cd\u5c04\u83b7\u53d6\u7684\u5417\uff1f\n\n**\u7b54\u6848\u662f\uff1a\u662f\u7684\u3002**\n\n### 2. \u4e3a\u4ec0\u4e48\uff1f\n\n\u8fd9\u4e2a\u51fd\u6570 `GetDialogueChoiceTextBlock` \u662f\u4e00\u4e2a **C++ \u51fd\u6570**\uff0c\u4f46\u5b83\u5e76\u4e0d\u662f\u901a\u8fc7\u53cd\u5c04\uff08Reflection\uff09\u76f4\u63a5\u751f\u6210\u7684\uff0c\u800c\u662f\u4e00\u4e2a **\u51fd\u6570\u6307\u9488** \u7684\u4f7f\u7528\u65b9\u5f0f\uff0c\u901a\u5e38\u7528\u4e8e\u5728 Unreal Engine \u4e2d\u6a21\u62df **\u51fd\u6570\u7684\u8c03\u7528** \u6216\u8fdb\u884c **\u51fd\u6570\u7684\u52a8\u6001\u8c03\u7528**\uff08\u4f8b\u5982\u5728 UObject \u7684 `ProcessEvent` \u4e2d\uff09\u3002\n\n---\n\n## \u8be6\u7ec6\u89e3\u91ca\n\n### 1. `FindObject<UFunction>` \u662f\u4ec0\u4e48\uff1f\n\n`FindObject<UFunction>(\"Function BP_Widget_DialogueChoice.BP_Widget_DialogueChoice_C.GetDialogueChoiceTextBlock\")` \u662f Unreal Engine \u4e2d\u7528\u4e8e\u67e5\u627e\u67d0\u4e2a\u51fd\u6570\u7684 **\u51fd\u6570\u6a21\u677f\uff08Function Template\uff09** \u7684\u65b9\u5f0f\u3002\n\n- \u8fd9\u4e2a\u51fd\u6570\u67e5\u627e\u7684\u662f `BP_Widget_DialogueChoice_C` \u7c7b\u4e2d\u540d\u4e3a `GetDialogueChoiceTextBlock` \u7684\u51fd\u6570\u7684 **\u51fd\u6570\u539f\u578b**",
        "prompt": "Instruction: You will need to compose the ABC notation for a given song.\nQuestion: The South Wind\nGeneration:",
        "index": 1,
        "finish_reason": "length"
      },
      {
        "text": "submit_paths(paths=[[0, 2, 3], [0, 1, 2, 3]], weights=[95, 116])",