{
  "batch_id": 32,
  "batch_size": 3,
  "scheduled_arrival_time": 410.3424496481671,
  "actual_send_time": 410.34582138061523,
  "request_duration": 572.7363529205322,
  "completion_time": 983.0821940898895,
  "status_code": 200,
  "prompt_idxs": [
    125,
    54,
    280
  ],
  "response": {
    "choices": [
      {
        "text": "10\u670826\u65e5\u4e0a\u5348\uff0c\u6c14\u8c61\u5c40\u7ec4\u7ec7\u4e86\u9632\u6c5b\u6297\u65f1\u5e94\u6025\u6f14\u7ec3\u3002\u8bf7\u6839\u636e\u4ee5\u4e0b\u5185\u5bb9\uff0c\u5199\u4e00\u4efd\u7b80\u8981\u7684\u65b0\u95fb\u7a3f\uff1a\u4e00\u662f\u6f14\u7ec3\u6a21\u62df\u4e86\u9632\u6c5b\u5e94\u6025\u54cd\u5e94\u6d41\u7a0b\uff0c\u5305\u62ec\u9884\u8b66\u53d1\u5e03\u3001\u5e94\u6025\u54cd\u5e94\u542f\u52a8\u3001\u62a2\u9669\u6551\u63f4\u3001\u707e\u540e\u5904\u7f6e\u7b49\u73af\u8282\uff1b\u4e8c\u662f\u6f14\u7ec3\u7ed3\u5408\u4e86\u591a\u90e8\u95e8\u8054\u52a8\uff0c\u5305\u62ec\u6c34\u5229\u3001\u5e94\u6025\u3001\u6d88\u9632\u3001\u533b\u7597\u3001\u4ea4\u901a\u7b49\u5355\u4f4d\uff1b\u4e09\u662f\u6f14\u7ec3\u8fc7\u7a0b\u4e2d\uff0c\u5e02\u6c14\u8c61\u5c40\u4e0e\u5e02\u5e94\u6025\u7ba1\u7406\u5c40\u8fdb\u884c\u4e86\u4fe1\u606f\u5171\u4eab\u3001\u6570\u636e\u4e92\u901a\uff1b\u56db\u662f\u5e02\u6c14\u8c61\u5c40\u5728\u6f14\u7ec3\u4e2d\u5c55\u793a\u4e86\u65b0\u578b\u6c14\u8c61\u8bbe\u5907\u548c\u4eba\u5de5\u589e\u96e8\u4f5c\u4e1a\u80fd\u529b\uff1b\u4e94\u662f\u6f14\u7ec3\u589e\u5f3a\u4e86\u5404\u90e8\u95e8\u4e4b\u95f4\u7684\u534f\u540c\u4f5c\u6218\u80fd\u529b\uff0c\u63d0\u9ad8\u4e86\u5e94\u5bf9\u7a81\u53d1\u81ea\u7136\u707e\u5bb3\u7684\u80fd\u529b\u3002 \u8981\u6c42\uff1a1\u3001\u65b0\u95fb\u7a3f\u8981\u7b80\u660e\u627c\u8981\uff0c\u5b57\u6570\u4e0d\u8d85\u8fc7300\u5b57\uff1b2\u3001\u8981\u7a81\u51fa\u6c14\u8c61\u5c40\u7684\u4f5c\u7528\uff1b3\u3001\u8bed\u8a00\u901a\u987a\u3001\u7ed3\u6784\u6e05\u6670\uff0c\u7b26\u5408\u65b0\u95fb\u7a3f\u683c\u5f0f\u3002\n**\u5e02\u6c14\u8c61\u5c40\u79ef\u6781\u53c2\u4e0e\u9632\u6c5b\u6297\u65f1\u5e94\u6025\u6f14\u7ec3 \u63d0\u5347\u591a\u90e8\u95e8\u534f\u540c\u5e94\u5bf9\u80fd\u529b**\n\n10\u670826\u65e5\u4e0a\u5348\uff0c\u5e02\u6c14\u8c61\u5c40\u8054\u5408\u591a\u90e8\u95e8\u5f00\u5c55\u9632\u6c5b\u6297\u65f1\u5e94\u6025\u6f14\u7ec3\uff0c\u5168\u9762\u68c0\u9a8c\u9632\u6c5b\u5e94\u6025\u54cd\u5e94\u673a\u5236\u3002\u6f14\u7ec3\u6a21\u62df\u4e86\u9884\u8b66\u53d1\u5e03\u3001\u5e94\u6025\u54cd\u5e94\u542f\u52a8\u3001\u62a2\u9669\u6551\u63f4\u53ca\u707e\u540e\u5904\u7f6e\u7b49\u5168\u6d41\u7a0b\uff0c\u91cd\u70b9\u7a81\u51fa\u6c14\u8c61\u9884\u8b66\u5728\u5e94\u6025\u51b3\u7b56\u4e2d\u7684\u5173\u952e\u4f5c\u7528\u3002\n\n\u672c\u6b21\u6f14\u7ec3\u5f3a\u5316\u591a\u90e8\u95e8\u8054\u52a8\uff0c\u6c34\u5229\u3001\u5e94\u6025\u3001\u6d88\u9632\u3001\u533b\u7597\u3001\u4ea4\u901a\u7b49\u5355\u4f4d\u534f\u540c\u53c2\u4e0e\uff0c\u5e02\u6c14\u8c61\u5c40\u4e0e\u5e02\u5e94\u6025\u7ba1\u7406\u5c40\u5b9e\u73b0\u4fe1\u606f\u5171\u4eab\u3001\u6570\u636e\u4e92\u901a\uff0c\u786e\u4fdd\u5e94\u6025\u6307\u6325\u9ad8\u6548\u6709\u5e8f\u3002\u540c\u65f6\uff0c\u6c14\u8c61\u5c40\u73b0\u573a\u5c55\u793a\u4e86\u65b0\u578b\u6c14\u8c61\u76d1\u6d4b\u8bbe\u5907\u53ca\u4eba\u5de5\u589e\u96e8\u4f5c\u4e1a\u80fd\u529b\uff0c\u8fdb\u4e00\u6b65\u51f8\u663e\u79d1\u6280\u5728\u9632\u707e\u51cf\u707e\u4e2d\u7684\u652f\u6491\u4f5c\u7528\u3002\n\n\u901a\u8fc7\u6f14\u7ec3\uff0c\u5404\u90e8\u95e8\u534f\u540c\u4f5c\u6218\u80fd\u529b\u663e\u8457\u63d0\u5347\uff0c\u5e94\u6025\u5904\u7f6e\u6548\u7387\u548c\u79d1\u5b66\u6027\u5f97\u5230\u52a0\u5f3a\uff0c\u4e3a\u5e94\u5bf9\u7a81\u53d1\u81ea\u7136\u707e\u5bb3\u79ef\u7d2f\u4e86\u5b9d\u8d35\u7ecf\u9a8c\uff0c\u5207\u5b9e\u7b51\u7262\u57ce\u5e02\u9632\u6c5b\u5b89\u5168\u9632\u7ebf\u3002\u5e02\u6c14\u8c61\u5c40\u5c06\u6301\u7eed\u53d1\u6325\u4e13\u4e1a\u4f18\u52bf\uff0c\u52a9\u529b\u6784\u5efa\u9ad8\u6548\u3001\u7cbe\u51c6\u7684\u9632\u707e\u51cf\u707e\u4f53\u7cfb\u3002  \n\n\uff08\u5b57\u6570\uff1a298\uff09  \n\n---  \n**\u6ce8**\uff1a\u65b0\u95fb\u7a3f\u7a81\u51fa\u6c14\u8c61\u5c40\u5728\u9884\u8b66\u53d1\u5e03\u3001\u4fe1\u606f\u5171\u4eab\u3001\u8bbe\u5907\u5c55\u793a\u53ca\u534f\u540c\u8054\u52a8\u4e2d\u7684\u6838\u5fc3\u4f5c\u7528\uff0c\u8bed\u8a00\u7b80\u6d01\uff0c\u7ed3\u6784\u6e05\u6670\uff0c\u7b26\u5408\u65b0\u95fb\u683c\u5f0f\u8981\u6c42\u3002\u5982\u9700\u8c03\u6574\u7ec6\u8282\uff0c\u8bf7\u544a\u77e5\u3002**\u6ce8**\uff1a\u65b0\u95fb\u7a3f\u7a81\u51fa\u6c14\u8c61\u5c40\u5728\u9884\u8b66\u53d1\u5e03\u3001\u4fe1\u606f\u5171\u4eab\u3001\u8bbe\u5907\u5c55\u793a\u53ca\u534f\u540c\u8054\u52a8\u4e2d\u7684\u6838\u5fc3\u4f5c\u7528\uff0c\u8bed\u8a00\u7b80\u6d01\uff0c\u7ed3\u6784\u6e05\u6670\uff0c\u7b26\u5408\u65b0\u95fb\u683c\u5f0f\u8981\u6c42\u3002\u5982\u9700\u8c03\u6574\u7ec6\u8282\uff0c\u8bf7\u544a\u77e5\u3002**\u6ce8**\uff1a\u65b0\u95fb\u7a3f\u7a81\u51fa\u6c14\u8c61\u5c40\u5728\u9884\u8b66\u53d1\u5e03\u3001\u4fe1\u606f\u5171\u4eab\u3001\u8bbe\u5907\u5c55\u793a\u53ca\u534f\u540c\u8054\u52a8\u4e2d\u7684\u6838\u5fc3\u4f5c\u7528\uff0c\u8bed\u8a00\u7b80\u6d01\uff0c\u7ed3\u6784\u6e05\u6670\uff0c\u7b26\u5408\u65b0\u95fb\u683c\u5f0f\u8981\u6c42\u3002\u5982\u9700\u8c03\u6574\u7ec6\u8282\uff0c\u8bf7",
        "prompt": "Instruction: Include important study notes and key points that someone should know about the given subject.\nQuestion: history of the USA\nGeneration:",
        "index": 0,
        "finish_reason": "length"
      },
      {
        "text": "submit_paths(paths=[[0, 5, 11, 15], [0, 8, 15], [0, 8, 1, 11, 15]], weights=[159, 169, 207])",