{
  "batch_id": 5,
  "batch_size": 8,
  "scheduled_arrival_time": 68.26935178911167,
  "actual_send_time": 68.27541446685791,
  "request_duration": 104.11033535003662,
  "completion_time": 172.38578486442566,
  "status_code": 200,
  "prompt_idxs": [
    51,
    178,
    151,
    66,
    245,
    180,
    186,
    170
  ],
  "response": {
    "choices": [
      {
        "text": "submit_paths(paths=[[0, 3, 6, 10, 14, 19]], weights=[604])",
        "prompt": "You are given a directed graph with 20 nodes (numbered 0 to 19) and the following edges:\n\nEdges (source -> target, weight):\n0 -> 1, weight: 386\n0 -> 2, weight: 359\n0 -> 3, weight: 160\n0 -> 4, weight: 240\n0 -> 5, weight: 237\n1 -> 2, weight: 309\n1 -> 3, weight: 224\n1 -> 4, weight: 161\n1 -> 5, weight: 29\n1 -> 6, weight: 93\n2 -> 3, weight: 353\n2 -> 4, weight: 252\n2 -> 5, weight: 164\n2 -> 6, weight: 40\n2 -> 7, weight: 276\n3 -> 4, weight: 263\n3 -> 5, weight: 76\n3 -> 6, weight: 135\n3 -> 7, weight: 359\n3 -> 8, weight: 219\n4 -> 5, weight: 13\n4 -> 6, weight: 187\n4 -> 7, weight: 82\n4 -> 8, weight: 314\n4 -> 9, weight: 217\n5 -> 6, weight: 96\n5 -> 7, weight: 321\n5 -> 8, weight: 300\n5 -> 9, weight: 237\n5 -> 10, weight: 312\n6 -> 7, weight: 86\n6 -> 8, weight: 129\n6 -> 9, weight: 340\n6 -> 10, weight: 144\n6 -> 11, weight: 163\n7 -> 8, weight: 124\n7 -> 9, weight: 76\n7 -> 10, weight: 147\n7 -> 11, weight: 147\n7 -> 12, weight: 220\n8 -> 9, weight: 292\n8 -> 10, weight: 176\n8 -> 11, weight: 85\n8 -> 12, weight: 358\n8 -> 13, weight: 62\n9 -> 10, weight: 78\n9 -> 11, weight: 186\n9 -> 12, weight: 235\n9 -> 13, weight: 292\n9 -> 14, weight: 170\n10 -> 11, weight: 384\n10 -> 12, weight: 189\n10 -> 13, weight: 81\n10 -> 14, weight: 126\n10 -> 15, weight: 115\n11 -> 12, weight: 339\n11 -> 13, weight: 5\n11 -> 14, weight: 253\n11 -> 15, weight: 5\n11 -> 16, weight: 188\n12 -> 13, weight: 200\n12 -> 14, weight: 147\n12 -> 15, weight: 36\n12 -> 16, weight: 349\n12 -> 17, weight: 162\n13 -> 14, weight: 195\n13 -> 15, weight: 66\n13 -> 16, weight: 10\n13 -> 17, weight: 111\n13 -> 18, weight: 299\n14 -> 15, weight: 398\n14 -> 16, weight: 89\n14 -> 17, weight: 268\n14 -> 18, weight: 115\n14 -> 19, weight: 39\n15 -> 16, weight: 275\n15 -> 17, weight: 177\n15 -> 18, weight: 398\n15 -> 19, weight: 151\n15 -> 0, weight: 159\n16 -> 17, weight: 207\n16 -> 18, weight: 403\n16 -> 19, weight: 229\n16 -> 0, weight: 162\n16 -> 1, weight: 208\n17 -> 18, weight: 371\n17 -> 19, weight: 87\n17 -> 0, weight: 353\n17 -> 1, weight: 265\n17 -> 2, weight: 288\n18 -> 19, weight: 407\n18 -> 0, weight: 256\n18 -> 1, weight: 409\n18 -> 2, weight: 226\n18 -> 3, weight: 63\n19 -> 0, weight: 121\n19 -> 1, weight: 342\n19 -> 2, weight: 136\n19 -> 3, weight: 161\n19 -> 4, weight: 153\n\nFind the top 1 shortest path from node 0 to node 19.\n\nReturn your answer by calling the submit_paths function with:\n- paths: A list of paths, where each path is a list of node indices\n- weights: A list of corresponding path weights\n\nFor example, if the shortest path is [0, 2, 4] with weight 10, call:\nsubmit_paths(paths=[[0, 2, 4]], weights=[10])\n",
        "index": 0,
        "finish_reason": "length"
      },
      {
        "text": "Instruction: Create a text on sodium chloride (table salt) structured as a chemical safety data sheet. It should include four sections: 1) physical and chemical properties, in which you should describe the physical properties using exactly three adjectives, 2) potential hazards, 3) handling and storage procedures, and 4) first-aid measures. Ensure all the information provided is factual.\nQuestion: \nGeneration:\nProvide a direct, concise answer. Do not show your reasoning or thought process.\nassistant\n<think>\n\n</think>\n\n**Sodium Chloride (Table Salt) \u2013 Chemical Safety Data Sheet**\n\n**1) Physical and Chemical Properties**  \nSodium chloride is a white, crystalline, and hygroscopic solid.\n\n**2) Potential Hazards**  \nSodium chloride is not flammable and is not toxic by ingestion. It may cause irritation to the skin and eyes.\n\n**3) Handling and Storage Procedures**  \nHandle sodium chloride in a well-ventilated area. Store in a dry, cool place, away from incompatible materials.\n\n**4) First-Aid Measures**  \nIn case of skin contact, wash with water. If eyes are irritated, rinse thoroughly with water. If ingested, seek medical attention.",
        "prompt": "Instruction: Create a text on sodium chloride (table salt) structured as a chemical safety data sheet. It should include four sections: 1) physical and chemical properties, in which you should describe the physical properties using exactly three adjectives, 2) potential hazards, 3) handling and storage procedures, and 4) first-aid measures. Ensure all the information provided is factual.\nQuestion: \nGeneration:",
        "index": 1,
        "finish_reason": "length"
      },
      {
        "text": "**Act I: Departure**  \n1. Ordinary world: Protagonist lives a quiet, unremarkable life.  \n2. Call to adventure: A mysterious event or discovery disrupts the protagonist's routine.  \n3. Refusal of the call: Protagonist hesitates, unsure of the path ahead.  \n4. Meeting with the mentor: A wise figure offers guidance and wisdom.  \n5. Crossing the first threshold: Protagonist leaves the familiar world to embark on a journey.  \n\n**Act II: Initiation**  \n6. Tests, allies, and enemies: Protagonist faces challenges, meets allies, and encounters foes.  \n7. Approach to the inmost cave: Protagonist prepares for the ultimate trial.  \n8. The ordeal: Protagonist confronts the greatest challenge or enemy.  \n9. Reward: Protagonist gains a valuable insight or item from the ordeal.  \n\n**Act III: Return**  \n10. The road back: Protagonist travels back to the ordinary world, facing obstacles.  \n11. The resurrection: Protagonist overcomes a final, desperate challenge.  \n12. Return with the elixir: Protagonist returns transformed, sharing the wisdom gained.",
        "prompt": "Instruction: According to Joseph Campbell's 12 stages of the hero's journey outlined in his book The Hero with a Thousand Faces, create a concise outline for a drama. The 12 stages of the hero's journey include: \nI. Departure        \n1. Ordinary world\n2. Call to adventure\n3. Refusal of the call\n4. Meeting with the mentor\n5. Crossing the first threshold\nII. Initiation        \n6. Tests, allies, and enemies\n7. Approach to the inmost cave\n8. The ordeal\n9. Reward\nIII. Return\n10. The road back\n11. The resurrection\n12. Return with the elixir\nUse the terms \"Departure\", \"Initiation\", and \"Return\" as the names for each act of your three-act play, and use the 12 stages listed above as subtitles in each act.\nQuestion: \nGeneration:",
        "index": 2,
        "finish_reason": "length"
      },
      {
        "text": "submit_paths(paths=[[0, 7, 5, 10]], weights=[45])",