{
  "batch_id": 28,
  "batch_size": 2,
  "scheduled_arrival_time": 315.1541597849499,
  "actual_send_time": 315.15571427345276,
  "request_duration": 551.8609902858734,
  "completion_time": 867.0167305469513,
  "status_code": 200,
  "prompt_idxs": [
    199,
    34
  ],
  "response": {
    "choices": [
      {
        "text": "df.geometry.plot()  # \u7ed8\u5236\u5730\u7406\u7a7a\u95f4\u6570\u636e\nplt.show()\n\n\u770b\u8d77\u6765\u60a8\u6b63\u5728\u4f7f\u7528Python\u8fdb\u884c\u5730\u7406\u7a7a\u95f4\u6570\u636e\u7684\u53ef\u89c6\u5316\uff0c\u53ef\u80fd\u662f\u5728\u4f7f\u7528\u50cfGeoPandas\u8fd9\u6837\u7684\u5e93\u6765\u5904\u7406\u5730\u7406\u6570\u636e\u3002`df.geometry.plot()` \u662fGeoPandas\u4e2d\u7528\u6765\u7ed8\u5236\u51e0\u4f55\u6570\u636e\u7684\u65b9\u6cd5\u3002\u4f46\u4e3a\u4e86\u786e\u4fdd\u4ee3\u7801\u80fd\u6b63\u786e\u8fd0\u884c\uff0c\u6709\u51e0\u4e2a\u70b9\u9700\u8981\u6ce8\u610f\uff1a\n\n1. **\u6570\u636e\u6846\u662f\u5426\u5305\u542bgeometry\u5217**\uff1a\u786e\u4fdd`df`\u662f\u4e00\u4e2aGeoPandas\u7684DataFrame\uff0c\u5e76\u4e14\u5176\u4e2d\u5305\u542b\u4e00\u4e2a\u540d\u4e3a`geometry`\u7684\u5217\uff0c\u8be5\u5217\u5b58\u50a8\u4e86\u5730\u7406\u7a7a\u95f4\u6570\u636e\uff08\u5982Point\u3001Polygon\u7b49\uff09\u3002\n\n2. **\u662f\u5426\u5bfc\u5165\u4e86\u5fc5\u8981\u7684\u5e93**\uff1a\u786e\u4fdd\u5df2\u7ecf\u5bfc\u5165\u4e86`matplotlib.pyplot`\u4f5c\u4e3a`plt`\uff0c\u5e76\u4e14`geopandas`\u5df2\u7ecf\u6b63\u786e\u5b89\u88c5\u5e76\u5bfc\u5165\u3002\n\n3. **\u6570\u636e\u662f\u5426\u6b63\u786e**\uff1a\u786e\u4fdd\u6570\u636e\u4e0d\u662f\u7a7a\u7684\uff0c\u4e14\u51e0\u4f55\u5bf9\u8c61\u6ca1\u6709\u9519\u8bef\u3002\n\n4. **\u662f\u5426\u9700\u8981\u8bbe\u7f6e\u5750\u6807\u7cfb**\uff1a\u6709\u65f6\u5019\u9700\u8981\u8bbe\u7f6e\u5750\u6807\u7cfb\uff08CRS\uff09\u4ee5\u786e\u4fdd\u5730\u56fe\u6b63\u786e\u663e\u793a\uff0c\u53ef\u4ee5\u4f7f\u7528`df.set_crs(...)`\u6765\u8bbe\u7f6e\u3002\n\n5. **\u662f\u5426\u9700\u8981\u8c03\u6574\u53c2\u6570**\uff1a`plot()`\u65b9\u6cd5\u6709\u5f88\u591a\u53c2\u6570\uff0c\u4f8b\u5982`axis`\u3001`color`\u3001`edgecolor`\u3001`facecolor`\u7b49\uff0c\u53ef\u4ee5\u6839\u636e\u9700\u8981\u8c03\u6574\u3002\n\n\u5982\u679c\u60a8\u7684\u4ee3\u7801\u8fd0\u884c\u65f6\u51fa\u73b0\u9519\u8bef\uff0c\u8bf7\u63d0\u4f9b\u5177\u4f53\u7684\u9519\u8bef\u4fe1\u606f\uff0c\u8fd9\u6837\u53ef\u4ee5\u66f4\u5177\u4f53\u5730\u5e2e\u52a9\u60a8\u89e3\u51b3\u95ee\u9898\u3002\u5982\u679c\u60a8\u7684\u6570\u636e\u662f\u6b63\u786e\u7684\uff0c\u4f46\u5730\u56fe\u663e\u793a\u4e0d\u6b63\u786e\uff0c\u53ef\u80fd\u9700\u8981\u68c0\u67e5CRS\u8bbe\u7f6e\u6216\u4f7f\u7528`plt.figure()`\u6765\u521b\u5efa\u65b0\u7684\u56fe\u5f62\u3002\n\n\u4f8b\u5982\uff0c\u4e00\u4e2a\u5b8c\u6574\u7684\u793a\u4f8b\u53ef\u80fd\u5982\u4e0b\uff1a\n\n```python\nimport geopandas as gpd\nimport matplotlib.pyplot as plt\n\n# \u5047\u8bbedf\u662f\u4e00\u4e2aGeoDataFrame\uff0c\u5305\u542bgeometry\u5217\ndf = gpd.read_file('path/to/your/file.shp')\n\n# \u7ed8\u5236\u5730\u7406\u7a7a\u95f4\u6570\u636e\ndf.geometry.plot()\n\nplt.show()\n```\n\n\u5982\u679c\u60a8\u7684\u6570\u636e\u662f\u5176\u4ed6\u683c\u5f0f\uff08\u5982GeoJSON\uff09\uff0c\u53ef\u80fd\u9700\u8981\u4f7f\u7528`gpd.read_file()`\u6765\u8bfb\u53d6\uff0c\u6216\u8005\u4f7f\u7528`gpd.GeoDataFrame`\u6765\u521b\u5efa\u3002\n\n\u5982\u679c\u60a8\u9047\u5230\u7279\u5b9a\u7684\u9519\u8bef\u6216\u6709\u5176\u4ed6\u9700\u6c42\uff0c\u8bf7\u544a\u8bc9\u6211\uff0c\u6211\u53ef\u4ee5\u63d0\u4f9b\u66f4\u8be6\u7ec6\u7684\u5e2e\u52a9\u3002\u6b64\u5916\uff0c\u5982\u679c\u60a8\u4f7f\u7528\u7684\u662f\u5176\u4ed6\u5e93\uff08\u5982shapely\u6216fiona\uff09\uff0c\u65b9\u6cd5\u53ef\u80fd\u4f1a\u6709\u6240\u4e0d\u540c\u3002\u786e\u4fdd\u60a8\u4f7f\u7528\u7684\u662f\u6b63\u786e\u7684\u5e93\u548c\u65b9\u6cd5\u3002\n\n\n\u5982\u679c\u4f60\u6709\u5177\u4f53\u7684\u95ee\u9898\u6216\u9519\u8bef\u4fe1\u606f\uff0c\u8bf7\u63d0\u4f9b\uff0c\u8fd9\u6837\u6211\u53ef\u4ee5\u66f4\u51c6\u786e\u5730\u5e2e\u52a9\u4f60\u89e3\u51b3\u95ee\u9898\u3002  \u4f60\u7ed9\u51fa\u7684\u8fd9\u6bb5\u4ee3\u7801\u6709\u4ec0\u4e48\u95ee\u9898\u5417\uff1f\u6bd4\u5982\uff0c\u662f\u5426\u5e94\u8be5\u5148\u8bbe\u7f6e\u5750\u6807\u7cfb\uff1f\n\n\u662f\u7684\uff0c\u60a8\u63d0\u5230\u7684\u4ee3\u7801\u53ef\u80fd\u5b58\u5728\u7684\u95ee\u9898\u662f\uff1a\u5982\u679c\u6570\u636e\u7684\u5750\u6807\u7cfb",
        "prompt": "Instruction: Enter the words that satisfy the given condition.\nQuestion: 5 Countries that Start with S\nGeneration:",
        "index": 0,
        "finish_reason": "length"
      },
      {
        "text": "submit_paths(paths=[[0, 1, 3, 9], [0, 1, 5, 6, 9]], weights=[129, 200])",
        "prompt": "You are given a directed graph with 10 nodes (numbered 0 to 9) and the following edges:\n\nEdges (source -> target, weight):\n0 -> 1, weight: 39\n0 -> 2, weight: 126\n0 -> 3, weight: 352\n0 -> 4, weight: 190\n0 -> 5, weight: 363\n0 -> 6, weight: 406\n1 -> 2, weight: 60\n1 -> 3, weight: 17\n1 -> 4, weight: 230\n1 -> 5, weight: 7\n1 -> 6, weight: 336\n1 -> 7, weight: 122\n2 -> 3, weight: 285\n2 -> 4, weight: 376\n2 -> 5, weight: 395\n2 -> 6, weight: 284\n2 -> 7, weight: 359\n2 -> 8, weight: 426\n3 -> 4, weight: 100\n3 -> 5, weight: 340\n3 -> 6, weight: 471\n3 -> 7, weight: 331\n3 -> 8, weight: 219\n3 -> 9, weight: 73\n4 -> 5, weight: 91\n4 -> 6, weight: 307\n4 -> 7, weight: 60\n4 -> 8, weight: 398\n4 -> 9, weight: 458\n4 -> 0, weight: 341\n5 -> 6, weight: 74\n5 -> 7, weight: 5\n5 -> 8, weight: 277\n5 -> 9, weight: 485\n5 -> 0, weight: 488\n5 -> 1, weight: 156\n6 -> 7, weight: 522\n6 -> 8, weight: 230\n6 -> 9, weight: 80\n6 -> 0, weight: 38\n6 -> 1, weight: 162\n6 -> 2, weight: 28\n7 -> 8, weight: 4\n7 -> 9, weight: 565\n7 -> 0, weight: 215\n7 -> 1, weight: 419\n7 -> 2, weight: 475\n7 -> 3, weight: 519\n8 -> 9, weight: 193\n8 -> 0, weight: 354\n8 -> 1, weight: 31\n8 -> 2, weight: 505\n8 -> 3, weight: 543\n8 -> 4, weight: 279\n9 -> 0, weight: 247\n9 -> 1, weight: 288\n9 -> 2, weight: 483\n9 -> 3, weight: 273\n9 -> 4, weight: 456\n9 -> 5, weight: 120\n\nFind the top 2 shortest paths from node 0 to node 9.\n\nReturn your answer by calling the submit_paths function with:\n- paths: A list of paths, where each path is a list of node indices\n- weights: A list of corresponding path weights\n\nFor example, if the shortest path is [0, 2, 4] with weight 10, call:\nsubmit_paths(paths=[[0, 2, 4]], weights=[10])\n",
        "index": 1,
        "finish_reason": "length"
      }
    ],
    "model": "mingqia2-system-3",
    "usage": {
      "prompt_tokens": 39,
      "completion_tokens": 53,
      "total_tokens": 92
    }
  },
  "error": null
}