{
  "batch_id": 71,
  "batch_size": 6,
  "scheduled_arrival_time": 853.2614098646319,
  "actual_send_time": 853.2661528587341,
  "request_duration": 420.7212858200073,
  "completion_time": 1273.9874725341797,
  "status_code": 200,
  "prompt_idxs": [
    41,
    218,
    219,
    93,
    189,
    139
  ],
  "response": {
    "choices": [
      {
        "text": "submit_paths(paths=[[0, 1, 4, 13, 19], [0, 1, 7, 15, 18, 19]], weights=[393, 479])",
        "prompt": "You are given a directed graph with 20 nodes (numbered 0 to 19) and the following edges:\n\nEdges (source -> target, weight):\n0 -> 1, weight: 35\n0 -> 2, weight: 302\n0 -> 3, weight: 187\n0 -> 4, weight: 604\n0 -> 5, weight: 628\n0 -> 6, weight: 60\n0 -> 7, weight: 363\n0 -> 8, weight: 311\n0 -> 9, weight: 705\n1 -> 2, weight: 651\n1 -> 3, weight: 605\n1 -> 4, weight: 54\n1 -> 5, weight: 532\n1 -> 6, weight: 503\n1 -> 7, weight: 44\n1 -> 8, weight: 399\n1 -> 9, weight: 64\n1 -> 10, weight: 719\n2 -> 3, weight: 157\n2 -> 4, weight: 145\n2 -> 5, weight: 228\n2 -> 6, weight: 718\n2 -> 7, weight: 528\n2 -> 8, weight: 11\n2 -> 9, weight: 424\n2 -> 10, weight: 492\n2 -> 11, weight: 25\n3 -> 4, weight: 500\n3 -> 5, weight: 547\n3 -> 6, weight: 612\n3 -> 7, weight: 340\n3 -> 8, weight: 487\n3 -> 9, weight: 282\n3 -> 10, weight: 386\n3 -> 11, weight: 520\n3 -> 12, weight: 129\n4 -> 5, weight: 369\n4 -> 6, weight: 598\n4 -> 7, weight: 525\n4 -> 8, weight: 162\n4 -> 9, weight: 105\n4 -> 10, weight: 289\n4 -> 11, weight: 619\n4 -> 12, weight: 33\n4 -> 13, weight: 1\n5 -> 6, weight: 405\n5 -> 7, weight: 470\n5 -> 8, weight: 617\n5 -> 9, weight: 252\n5 -> 10, weight: 581\n5 -> 11, weight: 646\n5 -> 12, weight: 378\n5 -> 13, weight: 329\n5 -> 14, weight: 476\n6 -> 7, weight: 499\n6 -> 8, weight: 370\n6 -> 9, weight: 524\n6 -> 10, weight: 333\n6 -> 11, weight: 105\n6 -> 12, weight: 242\n6 -> 13, weight: 191\n6 -> 14, weight: 315\n6 -> 15, weight: 660\n7 -> 8, weight: 643\n7 -> 9, weight: 176\n7 -> 10, weight: 648\n7 -> 11, weight: 413\n7 -> 12, weight: 438\n7 -> 13, weight: 319\n7 -> 14, weight: 724\n7 -> 15, weight: 5\n7 -> 16, weight: 12\n8 -> 9, weight: 584\n8 -> 10, weight: 663\n8 -> 11, weight: 221\n8 -> 12, weight: 540\n8 -> 13, weight: 69\n8 -> 14, weight: 424\n8 -> 15, weight: 113\n8 -> 16, weight: 318\n8 -> 17, weight: 530\n9 -> 10, weight: 660\n9 -> 11, weight: 420\n9 -> 12, weight: 41\n9 -> 13, weight: 410\n9 -> 14, weight: 206\n9 -> 15, weight: 518\n9 -> 16, weight: 646\n9 -> 17, weight: 242\n9 -> 18, weight: 14\n10 -> 11, weight: 504\n10 -> 12, weight: 368\n10 -> 13, weight: 53\n10 -> 14, weight: 214\n10 -> 15, weight: 405\n10 -> 16, weight: 717\n10 -> 17, weight: 13\n10 -> 18, weight: 693\n10 -> 19, weight: 698\n11 -> 12, weight: 99\n11 -> 13, weight: 351\n11 -> 14, weight: 76\n11 -> 15, weight: 446\n11 -> 16, weight: 589\n11 -> 17, weight: 160\n11 -> 18, weight: 137\n11 -> 19, weight: 408\n11 -> 0, weight: 624\n12 -> 13, weight: 387\n12 -> 14, weight: 448\n12 -> 15, weight: 485\n12 -> 16, weight: 281\n12 -> 17, weight: 480\n12 -> 18, weight: 665\n12 -> 19, weight: 596\n12 -> 0, weight: 350\n12 -> 1, weight: 489\n13 -> 14, weight: 161\n13 -> 15, weight: 279\n13 -> 16, weight: 681\n13 -> 17, weight: 281\n13 -> 18, weight: 537\n13 -> 19, weight: 303\n13 -> 0, weight: 278\n13 -> 1, weight: 61\n13 -> 2, weight: 544\n14 -> 15, weight: 396\n14 -> 16, weight: 653\n14 -> 17, weight: 503\n14 -> 18, weight: 712\n14 -> 19, weight: 379\n14 -> 0, weight: 266\n14 -> 1, weight: 647\n14 -> 2, weight: 467\n14 -> 3, weight: 296\n15 -> 16, weight: 689\n15 -> 17, weight: 175\n15 -> 18, weight: 39\n15 -> 19, weight: 699\n15 -> 0, weight: 235\n15 -> 1, weight: 436\n15 -> 2, weight: 317\n15 -> 3, weight: 96\n15 -> 4, weight: 304\n16 -> 17, weight: 131\n16 -> 18, weight: 331\n16 -> 19, weight: 660\n16 -> 0, weight: 122\n16 -> 1, weight: 261\n16 -> 2, weight: 52\n16 -> 3, weight: 101\n16 -> 4, weight: 279\n16 -> 5, weight: 494\n17 -> 18, weight: 391\n17 -> 19, weight: 470\n17 -> 0, weight: 347\n17 -> 1, weight: 173\n17 -> 2, weight: 312\n17 -> 3, weight: 417\n17 -> 4, weight: 261\n17 -> 5, weight: 309\n17 -> 6, weight: 151\n18 -> 19, weight: 356\n18 -> 0, weight: 729\n18 -> 1, weight: 282\n18 -> 2, weight: 106\n18 -> 3, weight: 703\n18 -> 4, weight: 337\n18 -> 5, weight: 307\n18 -> 6, weight: 538\n18 -> 7, weight: 588\n19 -> 0, weight: 333\n19 -> 1, weight: 651\n19 -> 2, weight: 711\n19 -> 3, weight: 192\n19 -> 4, weight: 242\n19 -> 5, weight: 269\n19 -> 6, weight: 278\n19 -> 7, weight: 45\n19 -> 8, weight: 579\n\nFind the top 2 shortest paths from node 0 to node 19.\n\nReturn your answer by calling the submit_paths function with:\n- paths: A list of paths, where each path is a list of node indices\n- weights: A list of corresponding path weights\n\nFor example, if the shortest path is [0, 2, 4] with weight 10, call:\nsubmit_paths(paths=[[0, 2, 4]], weights=[10])\n",
        "index": 0,
        "finish_reason": "length"
      },
      {
        "text": "The answer is D",
        "prompt": "The following is a multiple choice question (with answers) about  professional medicine.  Output the answer in the format of \"The answer is (X)\" at the end.\n\nQuestion: A 22-year-old woman contacts a medical student and asks if he would like to join her for dinner. The student met the woman when he was assigned to her care during her 2-week hospitalization for treatment of major depressive disorder. He has not treated or seen the patient since she was discharged from the hospital. He is attracted to this former patient and would be interested in dating her. Which of the following is the most appropriate action by the medical student regarding this patient's invitation?\n Options:\nA. He can date her because he was a medical student, not a physician, when he contributed to her care\nB. He can date her because she is no longer his patient\nC. He can date her, but only after at least 1 year has passed since he treated her\nD. He cannot date her because she was once his psychiatric patient\nAnswer:",
        "index": 1,
        "finish_reason": "length"
      },
      {
        "text": "The answer is D",
        "prompt": "The following is a multiple choice question (with answers) about  college medicine.  Output the answer in the format of \"The answer is (X)\" at the end.\n\nQuestion: Which of the following is not an amino acid?\n Options:\nA. Glutamic acid\nB. Aspartic acid\nC. Glutamine\nD. Palmitic acid\nAnswer:",
        "index": 2,
        "finish_reason": "length"
      },
      {
        "text": "submit_paths(paths=[[0, 2, 4, 6]], weights=[440])",
        "prompt": "You are given a directed graph with 7 nodes (numbered 0 to 6) and the following edges:\n\nEdges (source -> target, weight):\n0 -> 1, weight: 312\n0 -> 2, weight: 189\n1 -> 2, weight: 319\n1 -> 3, weight: 177\n2 -> 3, weight: 300\n2 -> 4, weight: 203\n3 -> 4, weight: 8\n3 -> 5, weight: 343\n4 -> 5, weight: 374\n4 -> 6, weight: 48\n5 -> 6, weight: 126\n5 -> 0, weight: 620\n6 -> 0, weight: 673\n6 -> 1, weight: 585\n\nFind the top 1 shortest path from node 0 to node 6.\n\nReturn your answer by calling the submit_paths function with:\n- paths: A list of paths, where each path is a list of node indices\n- weights: A list of corresponding path weights\n\nFor example, if the shortest path is [0, 2, 4] with weight 10, call:\nsubmit_paths(paths=[[0, 2, 4]], weights=[10])\n",
        "index": 3,