{
  "batch_id": 56,
  "batch_size": 3,
  "scheduled_arrival_time": 740.951182067011,
  "actual_send_time": 740.9557909965515,
  "request_duration": 322.60030126571655,
  "completion_time": 1063.5561261177063,
  "status_code": 200,
  "prompt_idxs": [
    6,
    101,
    149
  ],
  "response": {
    "choices": [
      {
        "text": "submit_paths(paths=[[0, 3, 8, 15, 18]], weights=[110])",
        "prompt": "You are given a directed graph with 19 nodes (numbered 0 to 18) and the following edges:\n\nEdges (source -> target, weight):\n0 -> 1, weight: 103\n0 -> 2, weight: 2\n0 -> 3, weight: 1\n0 -> 4, weight: 229\n0 -> 5, weight: 126\n0 -> 6, weight: 52\n0 -> 7, weight: 118\n1 -> 2, weight: 209\n1 -> 3, weight: 236\n1 -> 4, weight: 7\n1 -> 5, weight: 24\n1 -> 6, weight: 8\n1 -> 7, weight: 198\n1 -> 8, weight: 184\n2 -> 3, weight: 194\n2 -> 4, weight: 134\n2 -> 5, weight: 148\n2 -> 6, weight: 219\n2 -> 7, weight: 103\n2 -> 8, weight: 228\n2 -> 9, weight: 146\n3 -> 4, weight: 211\n3 -> 5, weight: 142\n3 -> 6, weight: 8\n3 -> 7, weight: 32\n3 -> 8, weight: 26\n3 -> 9, weight: 214\n3 -> 10, weight: 72\n4 -> 5, weight: 113\n4 -> 6, weight: 120\n4 -> 7, weight: 150\n4 -> 8, weight: 70\n4 -> 9, weight: 223\n4 -> 10, weight: 216\n4 -> 11, weight: 33\n5 -> 6, weight: 151\n5 -> 7, weight: 152\n5 -> 8, weight: 138\n5 -> 9, weight: 228\n5 -> 10, weight: 156\n5 -> 11, weight: 12\n5 -> 12, weight: 185\n6 -> 7, weight: 123\n6 -> 8, weight: 110\n6 -> 9, weight: 148\n6 -> 10, weight: 93\n6 -> 11, weight: 93\n6 -> 12, weight: 236\n6 -> 13, weight: 208\n7 -> 8, weight: 48\n7 -> 9, weight: 49\n7 -> 10, weight: 176\n7 -> 11, weight: 230\n7 -> 12, weight: 95\n7 -> 13, weight: 176\n7 -> 14, weight: 102\n8 -> 9, weight: 196\n8 -> 10, weight: 77\n8 -> 11, weight: 217\n8 -> 12, weight: 17\n8 -> 13, weight: 150\n8 -> 14, weight: 3\n8 -> 15, weight: 58\n9 -> 10, weight: 50\n9 -> 11, weight: 128\n9 -> 12, weight: 33\n9 -> 13, weight: 148\n9 -> 14, weight: 190\n9 -> 15, weight: 199\n9 -> 16, weight: 96\n10 -> 11, weight: 24\n10 -> 12, weight: 101\n10 -> 13, weight: 9\n10 -> 14, weight: 87\n10 -> 15, weight: 106\n10 -> 16, weight: 167\n10 -> 17, weight: 137\n11 -> 12, weight: 216\n11 -> 13, weight: 147\n11 -> 14, weight: 140\n11 -> 15, weight: 218\n11 -> 16, weight: 80\n11 -> 17, weight: 227\n11 -> 18, weight: 53\n12 -> 13, weight: 60\n12 -> 14, weight: 104\n12 -> 15, weight: 163\n12 -> 16, weight: 238\n12 -> 17, weight: 78\n12 -> 18, weight: 130\n12 -> 0, weight: 131\n13 -> 14, weight: 181\n13 -> 15, weight: 97\n13 -> 16, weight: 79\n13 -> 17, weight: 71\n13 -> 18, weight: 32\n13 -> 0, weight: 10\n13 -> 1, weight: 151\n14 -> 15, weight: 174\n14 -> 16, weight: 24\n14 -> 17, weight: 172\n14 -> 18, weight: 223\n14 -> 0, weight: 88\n14 -> 1, weight: 81\n14 -> 2, weight: 222\n15 -> 16, weight: 132\n15 -> 17, weight: 91\n15 -> 18, weight: 25\n15 -> 0, weight: 191\n15 -> 1, weight: 127\n15 -> 2, weight: 107\n15 -> 3, weight: 104\n16 -> 17, weight: 233\n16 -> 18, weight: 94\n16 -> 0, weight: 65\n16 -> 1, weight: 206\n16 -> 2, weight: 71\n16 -> 3, weight: 36\n16 -> 4, weight: 30\n17 -> 18, weight: 58\n17 -> 0, weight: 22\n17 -> 1, weight: 62\n17 -> 2, weight: 192\n17 -> 3, weight: 239\n17 -> 4, weight: 199\n17 -> 5, weight: 160\n18 -> 0, weight: 206\n18 -> 1, weight: 32\n18 -> 2, weight: 178\n18 -> 3, weight: 188\n18 -> 4, weight: 30\n18 -> 5, weight: 242\n18 -> 6, weight: 147\n\nFind the top 1 shortest path from node 0 to node 18.\n\nReturn your answer by calling the submit_paths function with:\n- paths: A list of paths, where each path is a list of node indices\n- weights: A list of corresponding path weights\n\nFor example, if the shortest path is [0, 2, 4] with weight 10, call:\nsubmit_paths(paths=[[0, 2, 4]], weights=[10])\n",
        "index": 0,
        "finish_reason": "length"
      },
      {
        "text": "\u79fb\u6c11\u89e6\u6478\u5c4f\u7684\u4eff\u771f\u7cfb\u7edf\u6a21\u62df\u7684\u662f\u4ec0\u4e48\uff1f\u5b83\u5728\u54ea\u4e9b\u573a\u666f\u4e2d\u53ef\u4ee5\u4f7f\u7528\uff1f\n\n\u79fb\u6c11\u89e6\u6478\u5c4f\u4eff\u771f\u7cfb\u7edf\uff0c\u901a\u5e38\u6307\u7684\u662f\u7528\u4e8e\u6a21\u62df\u79fb\u6c11\uff08\u6216\u79fb\u6c11\u76f8\u5173\u6d41\u7a0b\uff09\u7684\u4ea4\u4e92\u5f0f\u7cfb\u7edf\uff0c\u53ef\u80fd\u7528\u4e8e\u57f9\u8bad\u3001\u6559\u80b2\u3001\u6d41\u7a0b\u6d4b\u8bd5\u6216\u6a21\u62df\u51b3\u7b56\u8fc7\u7a0b\u3002\u4e0d\u8fc7\uff0c\u201c\u79fb\u6c11\u201d\u8fd9\u4e2a\u8bcd\u5728\u8fd9\u91cc\u53ef\u80fd\u6307\u7684\u662f\u201c\u79fb\u6c11\u201d\uff08\u5982\u201c\u79fb\u6c11\u201d\u6216\u201c\u79fb\u6c11\u201d\uff09\u6216\u53ef\u80fd\u662f\u4e00\u4e2a\u9519\u8bef\u7684\u7ffb\u8bd1\u3002\u5982\u679c\u662f\u201c\u79fb\u6c11\u201d\uff0c\u53ef\u80fd\u662f\u6307\u201c\u79fb\u6c11\u201d\uff08immigration\uff09\u7684\u6d41\u7a0b\uff0c\u6216\u8005\u53ef\u80fd\u662f\u201c\u79fb\u6c11\u201d\uff08emigration\uff09\u6216\u201c\u79fb\u6c11\u201d\uff08migration\uff09\u7684\u6d41\u7a0b\u3002\n\n\u5047\u8bbe\u4f60\u6307\u7684\u662f\u201c\u79fb\u6c11\u201d\uff08immigration\uff09\u6d41\u7a0b\uff0c\u90a3\u4e48\u79fb\u6c11\u89e6\u6478\u5c4f\u4eff\u771f\u7cfb\u7edf\u53ef\u80fd\u6a21\u62df\u7684\u662f\u79fb\u6c11\u7533\u8bf7\u3001\u7b7e\u8bc1\u529e\u7406\u3001\u5165\u5883\u68c0\u67e5\u3001\u901a\u5173\u6d41\u7a0b\u7b49\u76f8\u5173\u7684\u6b65\u9aa4\u3002\u8fd9\u6837\u7684\u7cfb\u7edf\u53ef\u4ee5\u7528\u4e8e\u57f9\u8bad\u79fb\u6c11\u5b98\u5458\u3001\u6a21\u62df\u79fb\u6c11\u6d41\u7a0b\u3001\u6d4b\u8bd5\u7cfb\u7edf\u6027\u80fd\uff0c\u6216\u8005\u7528\u4e8e\u6559\u80b2\u76ee\u7684\uff0c\u5e2e\u52a9\u516c\u4f17\u4e86\u89e3\u79fb\u6c11\u6d41\u7a0b\u3002\n\n\u53ef\u80fd\u7684\u4f7f\u7528\u573a\u666f\u5305\u62ec\uff1a\n\n1. **\u57f9\u8bad\u548c\u6559\u80b2**\uff1a\u7528\u4e8e\u57f9\u8bad\u79fb\u6c11\u5b98\u5458\u3001\u6d77\u5173\u4eba\u5458\u3001\u79fb\u6c11\u673a\u6784\u5de5\u4f5c\u4eba\u5458\uff0c\u8ba9\u4ed6\u4eec\u719f\u6089\u79fb\u6c11\u6d41\u7a0b\uff0c\u63d0\u9ad8\u5904\u7406\u6548\u7387\u548c\u51c6\u786e\u6027\u3002\n2. **\u6d41\u7a0b\u6a21\u62df**\uff1a\u5728\u79fb\u6c11\u673a\u6784\u6216\u653f\u5e9c\u673a\u6784\u5185\u90e8\u6d4b\u8bd5\u65b0\u7684\u79fb\u6c11\u6d41\u7a0b\u6216\u7cfb\u7edf\uff0c\u786e\u4fdd\u5176\u53ef\u884c\u6027\u548c\u6548\u7387\u3002\n3. **\u516c\u4f17\u6559\u80b2**\uff1a\u5e2e\u52a9\u79fb\u6c11\u7533\u8bf7\u8005\u4e86\u89e3\u79fb\u6c11\u6d41\u7a0b\uff0c\u51cf\u5c11\u4ed6\u4eec\u5bf9\u6d41\u7a0b\u7684\u4e0d\u719f\u6089\uff0c\u63d0\u9ad8\u7533\u8bf7\u6210\u529f\u7387\u3002\n4. **\u6a21\u62df\u51b3\u7b56**\uff1a\u7528\u4e8e\u6a21\u62df\u79fb\u6c11\u51b3\u7b56\u8fc7\u7a0b\uff0c\u5e2e\u52a9\u653f\u7b56\u5236\u5b9a\u8005\u6d4b\u8bd5\u4e0d\u540c\u7684\u653f\u7b56\u5bf9\u79fb\u6c11\u6d41\u7a0b\u7684\u5f71\u54cd\u3002\n5. **\u6280\u672f\u652f\u6301**\uff1a\u5728\u79fb\u6c11\u7cfb\u7edf\u5f00\u53d1\u4e2d\uff0c\u7528\u4e8e\u6d4b\u8bd5\u548c\u9a8c\u8bc1\u7cfb\u7edf\u529f\u80fd\uff0c\u5982\u7b7e\u8bc1\u7533\u8bf7\u3001\u8eab\u4efd\u9a8c\u8bc1\u3001\u6587\u6863\u5ba1\u6838\u7b49\u3002\n6. **\u5e94\u6025\u6f14\u7ec3**\uff1a\u5728\u79fb\u6c11\u673a\u6784\u4e2d\u8fdb\u884c\u5e94\u6025\u6f14\u7ec3\uff0c\u6d4b\u8bd5\u5728\u7a81\u53d1\u60c5\u51b5\u4e0b\u5982\u4f55\u5904\u7406\u79fb\u6c11\u76f8\u5173\u4e8b\u52a1\u3002\n\n\u5982\u679c\u4f60\u6307\u7684\u662f\u201c\u79fb\u6c11\u201d\uff08emigration\uff09\uff0c\u53ef\u80fd\u662f\u6307\u51fa\u5883\u6216\u79fb\u6c11\u76f8\u5173\u7684\u6d41\u7a0b\uff0c\u5982\u7b7e\u8bc1\u7533\u8bf7\u3001\u62a4\u7167\u529e\u7406\u3001\u51fa\u5883\u68c0\u67e5\u7b49\u3002\u8fd9\u6837\u7684\u7cfb\u7edf\u53ef\u80fd\u7528\u4e8e\u6a21\u62df\u51fa\u5883\u6d41\u7a0b\u3001\u7b7e\u8bc1\u7533\u8bf7\u3001\u62a4\u7167\u529e\u7406\u7b49\u3002\n\n\u53ef\u80fd\u7684\u4f7f\u7528\u573a\u666f\u5305\u62ec\uff1a\n\n1. **\u51fa\u5883\u57f9\u8bad**\uff1a\u57f9\u8bad\u51fa\u5883\u4eba\u5458\uff0c\u5982\u5546\u52a1\u4eba\u58eb\u3001\u6e38\u5ba2\u3001\u7559\u5b66\u751f\u7b49\uff0c\u4e86\u89e3\u51fa\u5883\u6d41\u7a0b\u548c\u6240\u9700\u6587\u4ef6\u3002\n2. 