{
  "batch_id": 94,
  "batch_size": 2,
  "scheduled_arrival_time": 1139.2884387522854,
  "actual_send_time": 1139.2906498908997,
  "request_duration": 339.4659128189087,
  "completion_time": 1478.7565882205963,
  "status_code": 200,
  "prompt_idxs": [
    28,
    160
  ],
  "response": {
    "choices": [
      {
        "text": "submit_paths(paths=[[0, 6, 8, 12, 13]], weights=[340])",
        "prompt": "You are given a directed graph with 14 nodes (numbered 0 to 13) and the following edges:\n\nEdges (source -> target, weight):\n0 -> 1, weight: 363\n0 -> 2, weight: 251\n0 -> 3, weight: 368\n0 -> 4, weight: 207\n0 -> 5, weight: 123\n0 -> 6, weight: 126\n1 -> 2, weight: 137\n1 -> 3, weight: 243\n1 -> 4, weight: 81\n1 -> 5, weight: 132\n1 -> 6, weight: 152\n1 -> 7, weight: 332\n2 -> 3, weight: 194\n2 -> 4, weight: 127\n2 -> 5, weight: 245\n2 -> 6, weight: 220\n2 -> 7, weight: 110\n2 -> 8, weight: 102\n3 -> 4, weight: 256\n3 -> 5, weight: 291\n3 -> 6, weight: 149\n3 -> 7, weight: 285\n3 -> 8, weight: 134\n3 -> 9, weight: 327\n4 -> 5, weight: 219\n4 -> 6, weight: 319\n4 -> 7, weight: 37\n4 -> 8, weight: 166\n4 -> 9, weight: 363\n4 -> 10, weight: 108\n5 -> 6, weight: 367\n5 -> 7, weight: 166\n5 -> 8, weight: 335\n5 -> 9, weight: 366\n5 -> 10, weight: 263\n5 -> 11, weight: 256\n6 -> 7, weight: 231\n6 -> 8, weight: 125\n6 -> 9, weight: 318\n6 -> 10, weight: 40\n6 -> 11, weight: 247\n6 -> 12, weight: 195\n7 -> 8, weight: 122\n7 -> 9, weight: 59\n7 -> 10, weight: 206\n7 -> 11, weight: 255\n7 -> 12, weight: 350\n7 -> 13, weight: 375\n8 -> 9, weight: 63\n8 -> 10, weight: 293\n8 -> 11, weight: 20\n8 -> 12, weight: 66\n8 -> 13, weight: 127\n8 -> 0, weight: 31\n9 -> 10, weight: 371\n9 -> 11, weight: 218\n9 -> 12, weight: 247\n9 -> 13, weight: 316\n9 -> 0, weight: 118\n9 -> 1, weight: 355\n10 -> 11, weight: 88\n10 -> 12, weight: 242\n10 -> 13, weight: 380\n10 -> 0, weight: 32\n10 -> 1, weight: 103\n10 -> 2, weight: 336\n11 -> 12, weight: 296\n11 -> 13, weight: 113\n11 -> 0, weight: 242\n11 -> 1, weight: 12\n11 -> 2, weight: 11\n11 -> 3, weight: 224\n12 -> 13, weight: 23\n12 -> 0, weight: 144\n12 -> 1, weight: 91\n12 -> 2, weight: 166\n12 -> 3, weight: 286\n12 -> 4, weight: 186\n13 -> 0, weight: 19\n13 -> 1, weight: 33\n13 -> 2, weight: 238\n13 -> 3, weight: 93\n13 -> 4, weight: 262\n13 -> 5, weight: 364\n\nFind the top 1 shortest path from node 0 to node 13.\n\nReturn your answer by calling the submit_paths function with:\n- paths: A list of paths, where each path is a list of node indices\n- weights: A list of corresponding path weights\n\nFor example, if the shortest path is [0, 2, 4] with weight 10, call:\nsubmit_paths(paths=[[0, 2, 4]], weights=[10])\n",
        "index": 0,
        "finish_reason": "length"
      },
      {
        "text": "\"\u5bf9\u8de8\u7701\u5f02\u5730\u5c31\u533b\u7684\u4f4f\u9662\u548c\u95e8\u8bca\u8d39\u7528\uff0c\u53ef\u4ee5\u5148\u7531\u53c2\u4fdd\u5730\u624b\u5de5\u62a5\u9500\uff0c\u518d\u7531\u5c31\u533b\u5730\u624b\u5de5\u62a5\u9500\"\uff0c\u8fd9\u53e5\u8bdd\u662f\u5426\u6b63\u786e\uff1f\n\nA.\u6b63\u786e  \nB.\u9519\u8bef\n\u7b54\u6848\uff1aB.\u9519\u8bef\n\n\u89e3\u6790\uff1a\u76ee\u524d\uff0c\u8de8\u7701\u5f02\u5730\u5c31\u533b\u7684\u4f4f\u9662\u548c\u95e8\u8bca\u8d39\u7528\uff0c\u539f\u5219\u4e0a\u7531\u5c31\u533b\u5730\u76f4\u63a5\u7ed3\u7b97\uff0c\u65e0\u9700\u53c2\u4fdd\u5730\u548c\u5c31\u533b\u5730\u5206\u522b\u624b\u5de5\u62a5\u9500\u3002\u53c2\u4fdd\u5730\u548c\u5c31\u533b\u5730\u7684\u62a5\u9500\u6d41\u7a0b\u5df2\u7ecf\u6574\u5408\uff0c\u4ee5\u5b9e\u73b0\u8de8\u7701\u5f02\u5730\u5c31\u533b\u76f4\u63a5\u7ed3\u7b97\u3002\u56e0\u6b64\uff0c\u8fd9\u79cd\u201c\u5148\u53c2\u4fdd\u5730\u624b\u5de5\u62a5\u9500\uff0c\u518d\u5c31\u533b\u5730\u624b\u5de5\u62a5\u9500\u201d\u7684\u8bf4\u6cd5\u662f\u9519\u8bef\u7684\u3002\n\n\u8fd9\u4e2a\u9898\u76ee\u8003\u5bdf\u7684\u662f\u5bf9\u8de8\u7701\u5f02\u5730\u5c31\u533b\u76f4\u63a5\u7ed3\u7b97\u653f\u7b56\u7684\u7406\u89e3\u3002\u76ee\u524d\uff0c\u6211\u56fd\u5df2\u7ecf\u63a8\u8fdb\u4e86\u8de8\u7701\u5f02\u5730\u5c31\u533b\u76f4\u63a5\u7ed3\u7b97\uff0c\u4f7f\u5f97\u53c2\u4fdd\u4eba\u5458\u5728\u5f02\u5730\u5c31\u533b\u65f6\uff0c\u53ef\u4ee5\u7531\u5c31\u533b\u5730\u7684\u533b\u4fdd\u90e8\u95e8\u76f4\u63a5\u7ed3\u7b97\uff0c\u65e0\u9700\u518d\u56de\u5230\u53c2\u4fdd\u5730\u8fdb\u884c\u624b\u5de5\u62a5\u9500\u3002\u8fd9\u6837\u53ef\u4ee5\u6709\u6548\u51cf\u8f7b\u53c2\u4fdd\u4eba\u5458\u7684\u8d1f\u62c5\uff0c\u63d0\u9ad8\u533b\u7597\u4fdd\u969c\u7684\u4fbf\u6377\u6027\u3002\u56e0\u6b64\uff0c\u9898\u76ee\u4e2d\u7684\u8bf4\u6cd5\u662f\u9519\u8bef\u7684\uff0c\u6b63\u786e\u7b54\u6848\u662fB\u9009\u9879\u3002\n\n\u8fd9\u4e2a\u9898\u76ee\u4e5f\u63d0\u9192\u6211\u4eec\uff0c\u8981\u5173\u6ce8\u56fd\u5bb6\u533b\u4fdd\u653f\u7b56\u7684\u6700\u65b0\u52a8\u6001\uff0c\u53ca\u65f6\u4e86\u89e3\u548c\u638c\u63e1\u76f8\u5173\u653f\u7b56\u7684\u53d8\u5316\uff0c\u4ee5\u4fbf\u66f4\u597d\u5730\u7406\u89e3\u548c\u5e94\u7528\u76f8\u5173\u653f\u7b56\u3002\u5728\u5b9e\u9645\u64cd\u4f5c\u4e2d\uff0c\u53c2\u4fdd\u4eba\u5458\u5728\u5f02\u5730\u5c31\u533b\u65f6\uff0c\u5e94\u6309\u7167\u5f53\u5730\u533b\u4fdd\u90e8\u95e8\u7684\u8981\u6c42\uff0c\u529e\u7406\u76f8\u5173\u624b\u7eed\uff0c\u786e\u4fdd\u80fd\u591f\u987a\u5229\u5b9e\u73b0\u76f4\u63a5\u7ed3\u7b97\uff0c\u907f\u514d\u56e0\u4e0d\u4e86\u89e3\u653f\u7b56\u800c\u9020\u6210\u7684\u4e0d\u4fbf\u3002\n\n\u6b64\u5916\uff0c\u8fd9\u4e2a\u9898\u76ee\u8fd8\u6d89\u53ca\u5230\u5bf9\u653f\u7b56\u6267\u884c\u8fc7\u7a0b\u7684\u7406\u89e3\u3002\u867d\u7136\u5728\u67d0\u4e9b\u60c5\u51b5\u4e0b\uff0c\u53ef\u80fd\u9700\u8981\u53c2\u4fdd\u5730\u548c\u5c31\u533b\u5730\u7684\u534f\u540c\u914d\u5408\uff0c\u4f46\u76ee\u524d\u7684\u653f\u7b56\u5df2\u7ecf\u5b9e\u73b0\u4e86\u76f4\u63a5\u7ed3\u7b97\uff0c\u56e0\u6b64\u4e0d\u9700\u8981\u518d\u5206\u522b\u624b\u5de5\u62a5\u9500\u3002\u56e0\u6b64\uff0c\u9898\u76ee\u4e2d\u7684\u8bf4\u6cd5\u662f\u9519\u8bef\u7684\uff0c\u6b63\u786e\u7b54\u6848\u662fB\u9009\u9879\u3002\n\n\n\u603b\u7ed3\uff1a\u8de8\u7701\u5f02\u5730\u5c31\u533b\u7684\u4f4f\u9662\u548c\u95e8\u8bca\u8d39\u7528\uff0c\u76ee\u524d\u662f\u7531\u5c31\u533b\u5730\u76f4\u63a5\u7ed3\u7b97\uff0c\u65e0\u9700\u53c2\u4fdd\u5730\u548c\u5c31\u533b\u5730\u5206\u522b\u624b\u5de5\u62a5\u9500\uff0c\u56e0\u6b64\u9898\u76ee\u4e2d\u7684\u8bf4\u6cd5\u662f\u9519\u8bef\u7684\uff0c\u6b63\u786e\u7b54\u6848\u662fB\u9009\u9879\u3002\n\u7b54\u6848\uff1aB.\u9519\u8bef\n\n\u89e3\u6790\uff1a\u76ee\u524d\uff0c\u8de8\u7701\u5f02\u5730\u5c31\u533b\u7684\u4f4f\u9662\u548c\u95e8\u8bca\u8d39\u7528\uff0c\u539f\u5219\u4e0a\u7531\u5c31\u533b\u5730\u76f4\u63a5\u7ed3\u7b97\uff0c\u65e0\u9700\u53c2\u4fdd\u5730\u548c\u5c31\u533b\u5730\u5206\u522b\u624b\u5de5\u62a5\u9500\u3002\u53c2\u4fdd\u5730\u548c\u5c31\u533b\u5730\u7684\u62a5\u9500\u6d41\u7a0b\u5df2\u7ecf\u6574\u5408\uff0c\u4ee5\u5b9e\u73b0\u8de8\u7701\u5f02\u5730\u5c31\u533b\u76f4\u63a5\u7ed3\u7b97\u3002\u56e0\u6b64\uff0c\u8fd9\u79cd\u201c\u5148\u53c2\u4fdd\u5730\u624b\u5de5\u62a5\u9500\uff0c\u518d\u5c31\u533b\u5730\u624b\u5de5\u62a5\u9500\u201d\u7684\u8bf4\u6cd5\u662f\u9519\u8bef\u7684\u3002\u8fd9\u4e2a\u9898\u76ee\u8003\u5bdf\u7684\u662f\u5bf9\u8de8\u7701\u5f02\u5730\u5c31\u533b\u76f4\u63a5\u7ed3\u7b97\u653f\u7b56\u7684\u7406\u89e3\u3002\u76ee\u524d\uff0c\u6211\u56fd\u5df2\u7ecf\u63a8\u8fdb\u4e86\u8de8\u7701\u5f02\u5730\u5c31\u533b\u76f4\u63a5\u7ed3\u7b97\uff0c\u4f7f\u5f97\u53c2\u4fdd\u4eba\u5458\u5728\u5f02\u5730\u5c31\u533b\u65f6\uff0c\u53ef\u4ee5\u7531\u5c31\u533b\u5730\u7684\u533b\u4fdd\u90e8\u95e8\u76f4\u63a5\u7ed3\u7b97\uff0c\u65e0\u9700\u518d\u56de\u5230\u53c2\u4fdd\u5730\u8fdb\u884c\u624b\u5de5\u62a5\u9500\u3002\u8fd9\u6837\u53ef\u4ee5\u6709\u6548\u51cf\u8f7b\u53c2\u4fdd\u4eba\u5458\u7684\u8d1f\u62c5",
        "prompt": "Instruction: For a quick and efficient office workout, suggest a short routine.\nQuestion: \nGeneration:",
        "index": 1,
        "finish_reason": "length"
      }
    ],
    "model": "mingqia2-system-3",
    "usage": {
      "prompt_tokens": 36,