{
  "batch_id": 41,
  "batch_size": 2,
  "scheduled_arrival_time": 503.526697653444,
  "actual_send_time": 503.52934646606445,
  "request_duration": 560.0214126110077,
  "completion_time": 1063.5507912635803,
  "status_code": 200,
  "prompt_idxs": [
    153,
    110
  ],
  "response": {
    "choices": [
      {
        "text": "\u5e08\u95ee\u9898\uff0c\u56e0\u4e3a\u6bcf\u79cd\u6750\u6599\u7684\u7ed3\u6784\u548c\u6027\u8d28\u5404\u4e0d\u76f8\u540c\uff0c\u6240\u4ee5\u9700\u8981\u4e0d\u540c\u7684\u5904\u7406\u65b9\u5f0f\u3002\u4f8b\u5982\uff0c\u91d1\u5c5e\u6750\u6599\u901a\u5e38\u9700\u8981\u4e0d\u540c\u7684\u70ed\u5904\u7406\u5de5\u827a\uff0c\u800c\u9676\u74f7\u6750\u6599\u53ef\u80fd\u9700\u8981\u4e0d\u540c\u7684\u70e7\u7ed3\u6761\u4ef6\u3002\u56e0\u6b64\uff0c\u6750\u6599\u5de5\u7a0b\u5e08\u9700\u8981\u6839\u636e\u5177\u4f53\u7684\u6750\u6599\u7c7b\u578b\u548c\u5e94\u7528\u9700\u6c42\uff0c\u9009\u62e9\u5408\u9002\u7684\u52a0\u5de5\u548c\u5904\u7406\u65b9\u6cd5\u3002\n\n\u7efc\u5408\u4ee5\u4e0a\u5206\u6790\uff0c\u6750\u6599\u5de5\u7a0b\u4e2d\u7684\u52a0\u5de5\u548c\u5904\u7406\u65b9\u6cd5\u9700\u8981\u6839\u636e\u6750\u6599\u7684\u7c7b\u578b\u3001\u5e94\u7528\u9700\u6c42\u4ee5\u53ca\u52a0\u5de5\u6761\u4ef6\u8fdb\u884c\u9009\u62e9\u548c\u4f18\u5316\uff0c\u4ee5\u8fbe\u5230\u6700\u4f73\u7684\u6027\u80fd\u548c\u529f\u80fd\u3002\u56e0\u6b64\uff0c\u95ee\u9898\u7684\u7b54\u6848\u5e94\u8be5\u662f\uff1a\u6750\u6599\u7684\u79cd\u7c7b\u548c\u5e94\u7528\u9700\u6c42\u51b3\u5b9a\u4e86\u52a0\u5de5\u548c\u5904\u7406\u65b9\u6cd5\u7684\u9009\u62e9\uff0c\u56e0\u6b64\u9700\u8981\u6839\u636e\u5177\u4f53\u60c5\u51b5\u9009\u62e9\u5408\u9002\u7684\u52a0\u5de5\u548c\u5904\u7406\u65b9\u5f0f\u3002\n\u7b54\u6848\uff1a\u6750\u6599\u7684\u79cd\u7c7b\u548c\u5e94\u7528\u9700\u6c42\u51b3\u5b9a\u4e86\u52a0\u5de5\u548c\u5904\u7406\u65b9\u6cd5\u7684\u9009\u62e9\uff0c\u56e0\u6b64\u9700\u8981\u6839\u636e\u5177\u4f53\u60c5\u51b5\u9009\u62e9\u5408\u9002\u7684\u52a0\u5de5\u548c\u5904\u7406\u65b9\u5f0f\u3002\u6750\u6599\u5de5\u7a0b\u4e2d\u7684\u52a0\u5de5\u548c\u5904\u7406\u65b9\u6cd5\u9700\u6839\u636e\u6750\u6599\u7c7b\u578b\u3001\u5e94\u7528\u9700\u6c42\u53ca\u52a0\u5de5\u6761\u4ef6\u8fdb\u884c\u9009\u62e9\u548c\u4f18\u5316\uff0c\u4ee5\u8fbe\u5230\u6700\u4f73\u6027\u80fd\u548c\u529f\u80fd\u3002\u4e0d\u540c\u6750\u6599\u7684\u7ed3\u6784\u548c\u6027\u8d28\u4e0d\u540c\uff0c\u56e0\u6b64\u9700\u8981\u4e0d\u540c\u7684\u52a0\u5de5\u548c\u5904\u7406\u65b9\u5f0f\u3002\u4f8b\u5982\uff0c\u91d1\u5c5e\u6750\u6599\u53ef\u80fd\u9700\u8981\u70ed\u5904\u7406\uff0c\u800c\u9676\u74f7\u6750\u6599\u53ef\u80fd\u9700\u8981\u70e7\u7ed3\u3002\u56e0\u6b64\uff0c\u6750\u6599\u5de5\u7a0b\u5e08\u9700\u8981\u6839\u636e\u5177\u4f53\u6750\u6599\u7c7b\u578b\u548c\u5e94\u7528\u9700\u6c42\uff0c\u9009\u62e9\u5408\u9002\u7684\u52a0\u5de5\u548c\u5904\u7406\u65b9\u6cd5\u3002\u7b54\u6848\u5e94\u4e3a\uff1a\u6750\u6599\u7684\u79cd\u7c7b\u548c\u5e94\u7528\u9700\u6c42\u51b3\u5b9a\u4e86\u52a0\u5de5\u548c\u5904\u7406\u65b9\u6cd5\u7684\u9009\u62e9\uff0c\u56e0\u6b64\u9700\u8981\u6839\u636e\u5177\u4f53\u60c5\u51b5\u9009\u62e9\u5408\u9002\u7684\u52a0\u5de5\u548c\u5904\u7406\u65b9\u5f0f\u3002\u7b54\u6848\uff1a\u6750\u6599\u7684\u79cd\u7c7b\u548c\u5e94\u7528\u9700\u6c42\u51b3\u5b9a\u4e86\u52a0\u5de5\u548c\u5904\u7406\u65b9\u6cd5\u7684\u9009\u62e9\uff0c\u56e0\u6b64\u9700\u8981\u6839\u636e\u5177\u4f53\u60c5\u51b5\u9009\u62e9\u5408\u9002\u7684\u52a0\u5de5\u548c\u5904\u7406\u65b9\u5f0f\u3002\n\n**\u7b54\u6848**\n\u6750\u6599\u7684\u79cd\u7c7b\u548c\u5e94\u7528\u9700\u6c42\u51b3\u5b9a\u4e86\u52a0\u5de5\u548c\u5904\u7406\u65b9\u6cd5\u7684\u9009\u62e9\uff0c\u56e0\u6b64\u9700\u8981\u6839\u636e\u5177\u4f53\u60c5\u51b5\u9009\u62e9\u5408\u9002\u7684\u52a0\u5de5\u548c\u5904\u7406\u65b9\u5f0f\u3002\n\\boxed{\u6750\u6599\u7684\u79cd\u7c7b\u548c\u5e94\u7528\u9700\u6c42\u51b3\u5b9a\u4e86\u52a0\u5de5\u548c\u5904\u7406\u65b9\u6cd5\u7684\u9009\u62e9\uff0c\u56e0\u6b64\u9700\u8981\u6839\u636e\u5177\u4f53\u60c5\u51b5\u9009\u62e9\u5408\u9002\u7684\u52a0\u5de5\u548c\u5904\u7406\u65b9\u5f0f\u3002}\n```\n```\n\n\n```python\n# \u8fd9\u91cc\u53ef\u4ee5\u6dfb\u52a0\u4e00\u4e9b\u4ee3\u7801\u903b\u8f91\uff0c\u4f46\u6839\u636e\u95ee\u9898\u63cf\u8ff0\uff0c\u53ef\u80fd\u4e0d\u9700\u8981\u5b9e\u9645\u8ba1\u7b97\uff0c\u56e0\u6b64\u76f4\u63a5\u8f93\u51fa\u7b54\u6848\u5373\u53ef\u3002\nprint(\"\u6750\u6599\u7684\u79cd\u7c7b\u548c\u5e94\u7528\u9700\u6c42\u51b3\u5b9a\u4e86\u52a0\u5de5\u548c\u5904\u7406\u65b9\u6cd5\u7684\u9009\u62e9\uff0c\u56e0\u6b64\u9700\u8981\u6839\u636e\u5177\u4f53\u60c5\u51b5\u9009\u62e9\u5408\u9002\u7684\u52a0\u5de5\u548c\u5904\u7406\u65b9\u5f0f\u3002\")\n```\n\n```\n\n\n```python\n# \u7531\u4e8e\u95ee\u9898\u7684\u7b54\u6848\u5df2\u7ecf\u660e\u786e\uff0c\u8fd9\u91cc\u76f4\u63a5\u8f93\u51fa\u7b54\u6848\u5373\u53ef\u3002\nprint(\"\u6750\u6599\u7684\u79cd\u7c7b\u548c\u5e94\u7528\u9700\u6c42\u51b3\u5b9a\u4e86\u52a0\u5de5\u548c\u5904\u7406\u65b9\u6cd5\u7684\u9009\u62e9\uff0c\u56e0\u6b64\u9700\u8981\u6839\u636e\u5177\u4f53\u60c5\u51b5\u9009\u62e9\u5408\u9002\u7684\u52a0\u5de5\u548c\u5904\u7406\u65b9\u5f0f\u3002\")\n```\n\n\n```python\n# \u8fd9\u91cc\u53ef\u4ee5\u6dfb\u52a0\u4e00\u4e9b\u4ee3\u7801\u903b\u8f91\uff0c\u4f46\u6839\u636e\u95ee\u9898\u63cf\u8ff0\uff0c\u53ef\u80fd\u4e0d\u9700\u8981\u5b9e\u9645\u8ba1\u7b97\uff0c\u56e0\u6b64\u76f4\u63a5\u8f93\u51fa\u7b54\u6848\u5373\u53ef\u3002\nprint(\"\u6750\u6599\u7684\u79cd\u7c7b\u548c\u5e94\u7528\u9700\u6c42\u51b3\u5b9a\u4e86\u52a0\u5de5\u548c\u5904\u7406\u65b9\u6cd5\u7684\u9009\u62e9\uff0c\u56e0\u6b64\u9700\u8981\u6839\u636e\u5177\u4f53\u60c5\u51b5\u9009\u62e9\u5408\u9002\u7684\u52a0\u5de5\u548c\u5904\u7406\u65b9\u5f0f\u3002\")\n```\n\n\n",
        "prompt": "Instruction: Identify and fix bugs in the given code and rewrite it\nQuestion: for i in range(10)\n    print(Answer is:)\n    print(i)\nGeneration:",
        "index": 0,
        "finish_reason": "length"
      },
      {
        "text": "Bb) and the other also heterozygous for the same two traits (AaBb). Assume that both traits are independently assorting and that the dominant alleles are A and B.\nAnswer in the box below:\nThe cross is between two heterozygous individuals for two traits (AaBb x AaBb). \n\nGenotypic ratio: ________ (write in the form AAbb: AaBb: Aabb: aaBB: aaBb: aabb: etc. as needed)\nPhenotypic ratio: ________ (write in the format of dominant for A and B: dominant for A and recessive for B: etc.)\n\nTo solve this, I need to first create a Punnett square for the cross between two AaBb individuals. Since the traits are independently assorting, I can consider each trait separately and then combine the results. \n\nFirst, let's consider the A and B alleles separately. For each trait, the possible gametes from each parent are A, a, B, and b. However, since they are independently assorting, the combination of alleles for A and B can be considered separately. \n\nThe Punnett square for the A locus (assuming only the A and a alleles) would result in a 1:2:1 ratio of AA: Aa: aa. Similarly, for the B locus, the same applies: 1:2:1 ratio of BB: Bb: bb. \n\nTo find the combined genotypic ratio for both traits, I need to multiply the probabilities for each trait. The possible combinations are:\n\n- AA (from A) x BB (from B) = AABb\nWait, actually, this approach is not correct. The correct way is to consider that the alleles for A and B are independent, so the combinations for each parent will be A, a, B, and b, and we need to create a 4x4 Punnett square.\n\nLet me try to create the Punnett square step by step.\n\nThe parent gametes are AB, Ab, aB, ab. Each parent can produce four types of gametes: AB, Ab, aB, and ab. So when we cross two AaBb x AaBb, the Punnett square will have 16 boxes.\n\nNow, I need to list all the possible combinations. \n\nThe first parent's gametes: AB, Ab, aB, ab\nThe second parent's gametes",