{
  "student_id": "mingqia2",
  "total_examples": 300,
  "task_metrics": {
    "mmlu_med": {
      "count": 100,
      "accuracy": 0.72,
      "total_score": 72.0
    },
    "graph": {
      "count": 100,
      "accuracy": 0.8833333333333333,
      "total_score": 88.33333333333333
    },
    "infobench": {
      "count": 100,
      "accuracy": 0.2779751082251082,
      "total_score": 27.79751082251082
    }
  },
  "overall_accuracy": 0.6271028138528139
}