{
  "student_id": "mingqia2",
  "total_examples": 300,
  "task_metrics": {
    "mmlu_med": {
      "count": 100,
      "accuracy": 0.29,
      "total_score": 29.0
    },
    "graph": {
      "count": 100,
      "accuracy": 0.9133333333333333,
      "total_score": 91.33333333333333
    },
    "infobench": {
      "count": 100,
      "accuracy": 0.737803058053058,
      "total_score": 73.7803058053058
    }
  },
  "overall_accuracy": 0.6470454637954639
}