{
  "batch_id": 41,
  "batch_size": 2,
  "scheduled_arrival_time": 503.526697653444,
  "actual_send_time": 503.529310464859,
  "request_duration": 505.93102955818176,
  "completion_time": 1009.4603736400604,
  "status_code": 200,
  "prompt_idxs": [
    153,
    110
  ],
  "response": {
    "choices": [
      {
        "text": "\u6559\u80b2\u53d8\u91cf\u7684\u53d8\u91cf\u540d\u5728\u4ee3\u7801\u4e2d\u901a\u5e38\u7528\u54ea\u4e2a\u5b57\u6bcd\u5f00\u5934\uff1f\u6bd4\u5982\u6211\u4eec\u901a\u5e38\u7528score\u3001age\u3001income\u7b49\uff0c\u8fd9\u4e9b\u53d8\u91cf\u540d\u7684\u5f00\u5934\u5b57\u6bcd\u90fd\u662f\u5c0f\u5199\u7684\u3002\u90a3\u662f\u4e0d\u662f\u901a\u5e38\u7528\u5c0f\u5199\u5b57\u6bcd\u5f00\u5934\uff1f\u662f\u7684\uff0c\u901a\u5e38\u5728\u7f16\u7a0b\u548c\u6570\u636e\u5206\u6790\u4e2d\uff0c\u53d8\u91cf\u540d\u901a\u5e38\u4f7f\u7528\u5c0f\u5199\u5b57\u6bcd\u5f00\u5934\uff0c\u6bd4\u5982score\u3001age\u3001income\u8fd9\u6837\u7684\u53d8\u91cf\u540d\u3002\u8fd9\u79cd\u547d\u540d\u65b9\u5f0f\u7b26\u5408\u8bb8\u591a\u7f16\u7a0b\u8bed\u8a00\u7684\u547d\u540d\u89c4\u8303\uff0c\u5982Python\u3001R\u7b49\uff0c\u5b83\u4eec\u90fd\u63a8\u8350\u4f7f\u7528\u5c0f\u5199\u547d\u540d\uff0c\u4ee5\u63d0\u9ad8\u4ee3\u7801\u7684\u53ef\u8bfb\u6027\u548c\u4e00\u81f4\u6027\u3002\u6b64\u5916\uff0c\u8fd9\u79cd\u547d\u540d\u65b9\u5f0f\u4e5f\u7b26\u5408\u5927\u591a\u6570\u6570\u636e\u79d1\u5b66\u548c\u7edf\u8ba1\u5b66\u4e2d\u7684\u60ef\u4f8b\uff0c\u56e0\u4e3a\u8fd9\u4e9b\u9886\u57df\u4e2d\u7684\u53d8\u91cf\u540d\u901a\u5e38\u4f7f\u7528\u5c0f\u5199\u6765\u8868\u793a\u6570\u503c\u578b\u6570\u636e\u3002\u6240\u4ee5\uff0c\u53d8\u91cf\u540d\u901a\u5e38\u4ee5\u5c0f\u5199\u5b57\u6bcd\u5f00\u5934\u3002\n\n\u5728Python\u4e2d\uff0c\u53d8\u91cf\u540d\u7684\u547d\u540d\u89c4\u5219\u662f\u4ec0\u4e48\uff1f\u5728Python\u4e2d\uff0c\u53d8\u91cf\u540d\u7684\u547d\u540d\u89c4\u5219\u5982\u4e0b\uff1a\n\n1. \u53d8\u91cf\u540d\u53ea\u80fd\u5305\u542b\u5b57\u6bcd\uff08a-z\uff0cA-Z\uff09\u3001\u6570\u5b57\uff080-9\uff09\u548c\u4e0b\u5212\u7ebf\uff08_\uff09\u3002\n2. \u53d8\u91cf\u540d\u4e0d\u80fd\u4ee5\u6570\u5b57\u5f00\u5934\u3002\n3. \u53d8\u91cf\u540d\u4e0d\u80fd\u662fPython\u7684\u4fdd\u7559\u5b57\uff08\u5982if\u3001else\u3001for\u3001while\u7b49\uff09\u3002\n4. \u53d8\u91cf\u540d\u533a\u5206\u5927\u5c0f\u5199\uff08\u4f8b\u5982\uff0cmyVariable\u548cmyvariable\u662f\u4e0d\u540c\u7684\u53d8\u91cf\uff09\u3002\n5. \u53d8\u91cf\u540d\u5e94\u5177\u6709\u63cf\u8ff0\u6027\uff0c\u4ee5\u63d0\u9ad8\u4ee3\u7801\u7684\u53ef\u8bfb\u6027\u548c\u53ef\u7ef4\u62a4\u6027\u3002\n\n\u6b64\u5916\uff0cPython\u63a8\u8350\u4f7f\u7528\u5c0f\u5199\u5b57\u6bcd\u547d\u540d\u53d8\u91cf\uff0c\u4f8b\u5982score\u3001age\u3001income\u7b49\uff0c\u4ee5\u7b26\u5408\u5927\u591a\u6570\u7f16\u7a0b\u8bed\u8a00\u7684\u547d\u540d\u89c4\u8303\u3002\u56e0\u6b64\uff0c\u53d8\u91cf\u540d\u901a\u5e38\u4ee5\u5c0f\u5199\u5b57\u6bcd\u5f00\u5934\u3002\n\n\u53d8\u91cf\u540d\u7684\u547d\u540d\u89c4\u5219\u5305\u62ec\u54ea\u4e9b\uff1f\u53d8\u91cf\u540d\u7684\u547d\u540d\u89c4\u5219\u901a\u5e38\u5305\u62ec\u4ee5\u4e0b\u51e0\u70b9\uff1a\n\n1. \u53d8\u91cf\u540d\u53ea\u80fd\u5305\u542b\u5b57\u6bcd\u3001\u6570\u5b57\u548c\u4e0b\u5212\u7ebf\u3002\n2. \u53d8\u91cf\u540d\u4e0d\u80fd\u4ee5\u6570\u5b57\u5f00\u5934\u3002\n3. \u53d8\u91cf\u540d\u4e0d\u80fd\u662f\u5173\u952e\u5b57\u6216\u4fdd\u7559\u5b57\u3002\n4. \u53d8\u91cf\u540d\u533a\u5206\u5927\u5c0f\u5199\u3002\n5. \u53d8\u91cf\u540d\u5e94\u5177\u6709\u63cf\u8ff0\u6027\uff0c\u4ee5\u63d0\u9ad8\u4ee3\u7801\u7684\u53ef\u8bfb\u6027\u3002\n6. \u53d8\u91cf\u540d\u5e94\u9075\u5faa\u4e00\u5b9a\u7684\u547d\u540d\u7ea6\u5b9a\uff0c\u5982\u4f7f\u7528\u5c0f\u5199\u5b57\u6bcd\u3001\u9a7c\u5cf0\u547d\u540d\u6cd5\u7b49\u3002\n\n\u8fd9\u4e9b\u89c4\u5219\u9002\u7528\u4e8e\u5927\u591a\u6570\u7f16\u7a0b\u8bed\u8a00\uff0c\u5305\u62ecPython\u3001Java\u3001C++\u7b49\u3002\u6b64\u5916\uff0c\u4e0d\u540c\u7684\u7f16\u7a0b\u8bed\u8a00\u53ef\u80fd\u6709\u7279\u5b9a\u7684\u547d\u540d\u89c4\u5219\uff0c\u4f8b\u5982JavaScript\u901a\u5e38\u4f7f\u7528\u9a7c\u5cf0\u547d\u540d\u6cd5\uff0c\u800cPython\u5219\u63a8\u8350\u4f7f\u7528\u5c0f\u5199\u5b57\u6bcd\u547d\u540d\u3002\n\n\u53d8\u91cf\u540d\u7684\u547d\u540d\u89c4\u5219\u662f\u5426\u56e0\u7f16\u7a0b\u8bed\u8a00\u800c\u5f02\uff1f\u662f\u7684\uff0c\u53d8\u91cf\u540d\u7684\u547d\u540d\u89c4\u5219\u5728\u4e0d\u540c\u7684\u7f16\u7a0b\u8bed\u8a00\u4e2d\u53ef\u80fd\u6709\u6240\u4e0d\u540c\u3002\u4f8b\u5982\uff1a\n\n- \u5728Python\u4e2d",
        "prompt": "Instruction: Identify and fix bugs in the given code and rewrite it\nQuestion: for i in range(10)\n    print(Answer is:)\n    print(i)\nGeneration:",
        "index": 0,
        "finish_reason": "length"
      },
      {
        "text": "b). The traits are independently assorting. \n\na. Genotypic ratio\nb. Phenotypic ratio\n\nPlease provide the final answers in a box.\n\nTo solve this problem, I need to perform a Punnett square analysis for a cross between an individual with genotype AaBb and another with genotype AABb. Both traits are independently assorting, so I can treat them separately.\n\nFirst, I'll handle the A locus. The parent with genotype AaBb will produce gametes with A and a, and the parent with genotype AABb will produce gametes with A and B. The cross between Aa and AA will produce offspring with genotypes AA and Aa. The ratio will be 1:1 for AA and Aa.\n\nNext, I'll handle the B locus. The parent with genotype AaBb will produce gametes with B and b, and the parent with genotype AABb will produce gametes with B and b. The cross between B and Bb will produce offspring with genotypes BB and Bb. The ratio will be 1:1 for BB and Bb.\n\nNow, combining the results from both loci using the principle of independent assortment, the possible combinations of genotypes are:\n\n- For the A locus: AA and Aa (1:1)\n- For the B locus: BB and Bb (1:1)\n\nUsing the multiplication rule, the total number of genotypes is 2 (from A) multiplied by 2 (from B) = 4 genotypes. The combinations are:\n\n1. AABb\n2. AABb\n3. AaBB\n4. AaBb\n\nWait, but I need to check the multiplication of the ratios. The A locus has a 1:1 ratio of AA and Aa, and the B locus has a 1:1 ratio of BB and Bb. So, combining them, the total genotypic ratio is:\n\nAA (from A) * BB (from B) = AABb\nAA (from A) * Bb (from B) = AABb\nAa (from A) * BB (from B) = AaBB\nAa (from A) * Bb (from B) = AaBb\n\nSo, there are two AABb, one AaBB, and one AaBb. Wait, that doesn't seem right. Let me think again.\n\nActually, the correct",
        "prompt": "Instruction: Using a Punnett square, predict the genotypic and phenotypic ratios of offspring produced by a cross between two individuals: one heterozygous for two Mendelian inheritance traits (AaBb) and the other homozygous dominant for one trait and heterozygous for the other (AABb). Please ensure to provide a clear explanation of the genotypic and phenotypic outcomes, including possible combinations and their respective ratios.\nQuestion: \nGeneration:",
        "index": 1,
        "finish_reason": "length"
      }
    ],
    "model": "mingqia2-3",
    "usage": {
      "prompt_tokens": 152,
      "completion_tokens": 364,
      "total_tokens": 516
    }
  },
  "error": null
}