{
  "batch_id": 83,
  "batch_size": 4,
  "scheduled_arrival_time": 995.0129116816942,
  "actual_send_time": 995.0152895450592,
  "request_duration": 533.5577945709229,
  "completion_time": 1528.5731234550476,
  "status_code": 200,
  "prompt_idxs": [
    12,
    154,
    201,
    158
  ],
  "response": {
    "choices": [
      {
        "text": "submit_paths(paths=[[0, 2, 8, 13]], weights=[146])",
        "prompt": "You are given a directed graph with 14 nodes (numbered 0 to 13) and the following edges:\n\nEdges (source -> target, weight):\n0 -> 1, weight: 228\n0 -> 2, weight: 11\n0 -> 3, weight: 2\n0 -> 4, weight: 45\n0 -> 5, weight: 74\n0 -> 6, weight: 41\n1 -> 2, weight: 36\n1 -> 3, weight: 188\n1 -> 4, weight: 58\n1 -> 5, weight: 205\n1 -> 6, weight: 64\n1 -> 7, weight: 92\n2 -> 3, weight: 78\n2 -> 4, weight: 99\n2 -> 5, weight: 105\n2 -> 6, weight: 164\n2 -> 7, weight: 123\n2 -> 8, weight: 124\n3 -> 4, weight: 136\n3 -> 5, weight: 299\n3 -> 6, weight: 284\n3 -> 7, weight: 216\n3 -> 8, weight: 279\n3 -> 9, weight: 161\n4 -> 5, weight: 203\n4 -> 6, weight: 73\n4 -> 7, weight: 156\n4 -> 8, weight: 107\n4 -> 9, weight: 195\n4 -> 10, weight: 249\n5 -> 6, weight: 202\n5 -> 7, weight: 272\n5 -> 8, weight: 209\n5 -> 9, weight: 29\n5 -> 10, weight: 36\n5 -> 11, weight: 251\n6 -> 7, weight: 288\n6 -> 8, weight: 233\n6 -> 9, weight: 155\n6 -> 10, weight: 215\n6 -> 11, weight: 161\n6 -> 12, weight: 225\n7 -> 8, weight: 186\n7 -> 9, weight: 100\n7 -> 10, weight: 174\n7 -> 11, weight: 82\n7 -> 12, weight: 211\n7 -> 13, weight: 226\n8 -> 9, weight: 241\n8 -> 10, weight: 269\n8 -> 11, weight: 98\n8 -> 12, weight: 16\n8 -> 13, weight: 11\n8 -> 0, weight: 253\n9 -> 10, weight: 209\n9 -> 11, weight: 148\n9 -> 12, weight: 35\n9 -> 13, weight: 189\n9 -> 0, weight: 192\n9 -> 1, weight: 227\n10 -> 11, weight: 160\n10 -> 12, weight: 116\n10 -> 13, weight: 184\n10 -> 0, weight: 272\n10 -> 1, weight: 143\n10 -> 2, weight: 61\n11 -> 12, weight: 181\n11 -> 13, weight: 21\n11 -> 0, weight: 240\n11 -> 1, weight: 274\n11 -> 2, weight: 195\n11 -> 3, weight: 75\n12 -> 13, weight: 10\n12 -> 0, weight: 73\n12 -> 1, weight: 99\n12 -> 2, weight: 285\n12 -> 3, weight: 104\n12 -> 4, weight: 88\n13 -> 0, weight: 62\n13 -> 1, weight: 137\n13 -> 2, weight: 83\n13 -> 3, weight: 266\n13 -> 4, weight: 290\n13 -> 5, weight: 130\n\nFind the top 1 shortest path from node 0 to node 13.\n\nReturn your answer by calling the submit_paths function with:\n- paths: A list of paths, where each path is a list of node indices\n- weights: A list of corresponding path weights\n\nFor example, if the shortest path is [0, 2, 4] with weight 10, call:\nsubmit_paths(paths=[[0, 2, 4]], weights=[10])\n",
        "index": 0,
        "finish_reason": "length"
      },
      {
        "text": "\u05ea-party. 1976-77, 1977-78, 1981-82, 1985-86, 1986-87, 1987-88, 1988-89, 1990-91, 1991-92, 1992-93, 1993-94, 1994-95, 1995-96, 1996-97, 1997-98, 1998-99, 1999-2000, 2000-01, 2001-02, 2002-03, 2003-04, 2004-05, 2005-06, 2006-07, 2007-08, 2008-09, 2009-10, 2010-11, 2011-12, 2012-13, 2013-14, 2014-15, 2015-16, 2016-17, 2017-18, 2018-19, 2019-20, 2020-21, 2021-22, 2022-23, 2023-24, 2024-25. 2024-25 is the current season.\n\nThe length of each season is 82 games, with the regular season running from October to April, and the playoffs beginning in late April. The regular season usually starts on the first Sunday after the first full week of October. The regular season ends on the first Sunday after the first full week of April. The playoffs begin in late April, usually on the first Saturday after the first full week of May. The final of the playoffs is usually held on the first Saturday after the first full week of June.\n\nThe league is divided into two conferences, the Eastern Conference and the Western",
        "prompt": "Instruction: Please generate 10 one-sentence hotel reviews from ten different customers, ensuring that 5 of the reviews are positive and 5 are negative. Begin each review with \"CUSTOMER\" and the customer's number. After completing the 10 reviews, provide a two-sentence summarization that captures the overall sentiment and key points from the reviews.\nQuestion: \nGeneration:",
        "index": 1,
        "finish_reason": "length"
      },
      {
        "text": "The answer is C",
        "prompt": "The following is a multiple choice question (with answers) about  professional medicine.  Output the answer in the format of \"The answer is (X)\" at the end.\n\nQuestion: A 75-year-old female presents to the office for a health maintenance examination. She says that she is more fatigued than she was at 65, but she still gardens and drives to the grocery store. Routine laboratory studies reveal a leukocyte count of 25.0\u00a0\u00d7\u00a0103/mcL (reference range 4.5-11.0\u00a0\u00d7\u00a0103/mcL) and 97%\u00a0mature-appearing lymphocytes on a peripheral blood smear. Immunohistochemical stains demonstrate the lymphocytes to be of\u00a0B-cell\u00a0origin. The most likely diagnosis is\n Options:\nA. acute lymphocytic leukemia\nB. acute myelogenous leukemia\nC. chronic lymphocytic leukemia\nD. chronic myelogenous leukemia\nAnswer:",
        "index": 2,