{
  "batch_id": 25,
  "batch_size": 2,
  "scheduled_arrival_time": 271.09506551424965,
  "actual_send_time": 271.0963485240936,
  "request_duration": 312.27710723876953,
  "completion_time": 583.373496055603,
  "status_code": 200,
  "prompt_idxs": [
    175,
    118
  ],
  "response": {
    "choices": [
      {
        "text": "\u5c45\u6c11\u5bb6\u4e61\u7684\u9ad8\u4e2d\uff0c\u6211\u540c\u5b66\u548c\u6211\u4e00\u8d77\u53c2\u52a0\u7684\uff0c\u4f46\u65b0\u9c9c\u4e8b\u662f\uff0c\u6211\u540c\u5b66\u5728\u6709\u62db\u751f\u7684\u65f6\u5019\uff0c\u5c31\u8fde\u7740\u5979\u9ad8\u4e2d\u73ed\u4e3b\u4efb\uff0c\u4e5f\u5c31\u662f\u5979\u7684\u9ad8\u4e2d\u8001\u5e08\uff0c\u4e00\u8d77\u53c2\u52a0\u62db\u751f\uff0c\u8fd9\u4e8b\u60c5\u662f\u4e0d\u662f\u6709\u70b9\u5947\u602a\uff0c\u4f46\u53ef\u80fd\u662f\u56e0\u4e3a\u5979\u6bd4\u8f83\u64c5\u957f\uff0c\u5979\u548c\u8001\u5e08\u4e00\u8d77\u4ecb\u7ecd\uff0c\u6240\u4ee5\u6240\u4ee5\u6bd4\u8f83\u6210\u529f\u3002\u4e0d\u8fc7\u6211\u540c\u5b66\u5979\u73b0\u5728\u5728\u5927\u5b66\u91cc\uff0c\u548c\u6211\u4e00\u6837\uff0c\u53ef\u80fd\u90fd\u662f\u4e00\u8d77\u4f4f\uff0c\u8fd9\u662f\u4e0d\u662f\u6709\u70b9\u5947\u602a\uff1f\u90fd\u662f\u9ad8\u4e2d\u751f\uff0c\u73b0\u5728\u5165\u5b66\uff0c\u90fd\u662f\u5927\u5b66\uff0c\u7136\u540e\u4e00\u8d77\u4f4f\uff0c\u8fd9\u4f1a\u4e0d\u4f1a\u6709\u70b9\u5947\u602a\uff1f\u6216\u8005\u6211\u7684\u540c\u5b66\uff0c\u662f\u4e0d\u662f\u53ef\u80fd\u548c\u6211\u6709\u67d0\u79cd\u5173\u7cfb\uff1f\u6bd4\u5982\uff0c\u6211\u540c\u5b66\u662f\u5979\u7684\u8868\u59b9\uff0c\u6216\u8005\u522b\u7684\u4eb2\u621a\uff0c\u6216\u8005\u6211\u4eec\u6709\u5171\u540c\u7684\u5bb6\u4eba\uff1f\u6216\u8005\u53ef\u80fd\u5979\u548c\u6211\u540c\u5b66\u662f\u540c\u5b66\uff1f  \u8fd9\u6bb5\u8bdd\u7684\u7ed3\u6784\u662f\u600e\u6837\u7684\uff1f\u6709\u6ca1\u6709\u4ec0\u4e48\u95ee\u9898\uff1f\n\n\u8fd9\u6bb5\u8bdd\u7684\u7ed3\u6784\u548c\u8868\u8fbe\u4e0a\u6709\u4e00\u4e9b\u53ef\u4ee5\u4f18\u5316\u7684\u5730\u65b9\uff0c\u4f46\u6574\u4f53\u4e0a\u662f\u8fde\u8d2f\u7684\u3002\u4e0d\u8fc7\uff0c\u4ece\u903b\u8f91\u548c\u8868\u8fbe\u7684\u6e05\u6670\u5ea6\u6765\u770b\uff0c\u786e\u5b9e\u5b58\u5728\u4e00\u4e9b\u95ee\u9898\u3002\u4e0b\u9762\u6211\u6765\u8be6\u7ec6\u5206\u6790\u4e00\u4e0b\uff1a\n\n### \u4e00\u3001\u7ed3\u6784\u5206\u6790\n\n\u8fd9\u6bb5\u8bdd\u7684\u5185\u5bb9\u53ef\u4ee5\u5206\u4e3a\u51e0\u4e2a\u90e8\u5206\uff1a\n\n1. **\u80cc\u666f\u4ecb\u7ecd**\uff1a\u4f60\u548c\u540c\u5b66\u4e00\u8d77\u53c2\u52a0\u9ad8\u4e2d\u62db\u751f\uff0c\u4f46\u540c\u5b66\u5728\u62db\u751f\u65f6\u548c\u5979\u7684\u9ad8\u4e2d\u73ed\u4e3b\u4efb\uff08\u8001\u5e08\uff09\u4e00\u8d77\u53c2\u4e0e\u3002\n2. **\u5bf9\u4e8b\u60c5\u7684\u770b\u6cd5**\uff1a\u4f60\u89c9\u5f97\u8fd9\u4ef6\u4e8b\u6709\u70b9\u5947\u602a\uff0c\u4f46\u53ef\u80fd\u56e0\u4e3a\u540c\u5b66\u64c5\u957f\u800c\u6210\u529f\u3002\n3. **\u73b0\u5728\u7684\u60c5\u51b5**\uff1a\u4f60\u4eec\u73b0\u5728\u90fd\u662f\u5927\u5b66\u751f\uff0c\u4e00\u8d77\u4f4f\uff0c\u53ef\u80fd\u6709\u70b9\u5947\u602a\u3002\n4. **\u7591\u95ee**\uff1a\u662f\u5426\u540c\u5b66\u548c\u4f60\u6709\u67d0\u79cd\u5173\u7cfb\uff08\u4eb2\u621a\u3001\u540c\u5b66\u7b49\uff09\u3002\n\n\u4ece\u903b\u8f91\u4e0a\u770b\uff0c\u8fd9\u4e9b\u90e8\u5206\u662f\u6309\u65f6\u95f4\u987a\u5e8f\u5c55\u5f00\u7684\uff0c\u4f46\u4fe1\u606f\u4e4b\u95f4\u7684\u8854\u63a5\u6709\u4e9b\u751f\u786c\uff0c\u5bfc\u81f4\u6574\u4f53\u7ed3\u6784\u4e0d\u591f\u6e05\u6670\uff0c\u5bb9\u6613\u8ba9\u8bfb\u8005\u4ea7\u751f\u56f0\u60d1\u3002\n\n---\n\n### \u4e8c\u3001\u8868\u8fbe\u4e0a\u7684\u95ee\u9898\n\n1. **\u8bed\u4e49\u91cd\u590d**\uff1a  \n   - \u201c\u6211\u540c\u5b66\u5728\u6709\u62db\u751f\u7684\u65f6\u5019\uff0c\u5c31\u8fde\u7740\u5979\u9ad8\u4e2d\u73ed\u4e3b\u4efb\uff0c\u4e5f\u5c31\u662f\u5979\u7684\u9ad8\u4e2d\u8001\u5e08\uff0c\u4e00\u8d77\u53c2\u52a0\u62db\u751f\u201d \u8fd9\u53e5\u8bdd\u4e2d\uff0c\u201c\u8fde\u7740\u201d\u548c\u201c\u4e5f\u5c31\u662f\u201d\u4e4b\u95f4\u6709\u4e9b\u91cd\u590d\uff0c\u8868\u8fbe\u4e0d\u591f\u7b80\u6d01\u3002\n   - \u201c\u8fd9\u4e8b\u60c5\u662f\u4e0d\u662f\u6709\u70b9\u5947\u602a\u201d\u548c\u201c\u53ef\u80fd\u56e0\u4e3a\u5979\u6bd4\u8f83\u64c5\u957f\u201d\u4e4b\u95f4\u6ca1\u6709\u660e\u663e\u7684\u56e0\u679c\u5173\u7cfb\uff0c\u663e\u5f97\u7a81\u5140\u3002\n\n2. **\u903b\u8f91\u8df3\u8dc3**\uff1a  \n   - \u201c\u7136\u540e\u4e00\u8d77\u4f4f\uff0c\u8fd9\u4f1a\u4e0d\u4f1a\u6709\u70b9\u5947\u602a\uff1f\u201d \u8fd9\u53e5\u8bdd\u7684\u5f00\u5934\u6ca1\u6709\u660e\u786e\u8bf4\u660e\u201c\u4e00\u8d77\u4f4f\u201d\u662f\u8c01\u548c\u8c01\uff0c\u5bb9\u6613\u8ba9\u8bfb\u8005\u8bef\u89e3\u4e3a\u4f60\u548c\u540c\u5b66\u4e00\u8d77\u4f4f\uff0c\u4f46\u524d\u9762\u8bf4\u7684\u662f\u201c\u4f60\u548c\u540c\u5b66\u4e00\u8d77\u53c2\u52a0\u62db\u751f\u201d\uff0c\u4e4b\u540e\u5374\u7a81\u7136\u8bf4\u201c\u4f60\u4eec\u73b0\u5728\u90fd\u662f\u5927\u5b66\uff0c\u4e00\u8d77\u4f4f\u201d\uff0c\u8ba9\u4eba\u611f\u5230\u903b\u8f91\u8df3\u8dc3\u3002\n\n3. **",
        "prompt": "Instruction: Convert the given HTML into Markdown format.\nQuestion: <code>Use `code` in your Markdown file.</code>\nGeneration:",
        "index": 0,
        "finish_reason": "length"
      },
      {
        "text": "3*3*3*3*3*3*3*3*3= 3^9= 19683 (since 3^6=729, 3^7=2187, 3^8=6561, 3^9=19683)\n3^9 is 19683. So the value is 19683.\nBut wait, the original problem is (3^3)^3. Wait, no. Let me check again. The original problem is 3*3*3*3*3*3*3*3*3. That's 9 threes multiplied. So that is 3^9. Which is 19683. So that's correct. So the answer is 19683.\n\nBut wait, maybe the problem is written as (3^3)^3? Let me check the original question again. The user wrote: \"3*3*3*3*3*3*3*3*3=?\" So it's 9 threes multiplied. Which is 3^9. So that's 19683. So the answer is 19683.\n\nBut let me confirm again. 3^1=3, 3^2=9, 3^3=27, 3^4=81, 3^5=243, 3^6=729, 3^7=2187, 3^8=6561, 3^9=19683. Yes, that's correct. So the answer is 19683.\n\n**Final Answer**\nThe value is \\boxed{19683}.\n\\boxed{19683}\n```\n```\n\n\nThe expression given is:\n\n$$\n3 \\times 3 \\times 3 \\times 3 \\times 3 \\times 3 \\times 3 \\times 3 \\times 3\n$$\n\nThis is a product of nine 3s. In exponential form, this is equivalent to:\n\n$$\n3^9\n$$\n\nTo evaluate $3^9$, we can compute it step by step:\n\n- $3^1 = 3$\n- $3^2 = 9$\n- $3^3 = 27$\n- $3",
        "prompt": "Instruction: Decide whether children can watch the given movie. Mention what makes it inappropriate if you think they can't.\nQuestion: The Dark Knight (2008)\nGeneration:",
        "index": 1,
        "finish_reason": "length"
      }
    ],
    "model": "mingqia2-3",
    "usage": {
      "prompt_tokens": 80,
      "completion_tokens": 216,
      "total_tokens": 296
    }
  },
  "error": null
}