{
  "batch_id": 47,
  "batch_size": 2,
  "scheduled_arrival_time": 624.2248697353099,
  "actual_send_time": 624.2260320186615,
  "request_duration": 446.7255620956421,
  "completion_time": 1070.9516332149506,
  "status_code": 200,
  "prompt_idxs": [
    173,
    264
  ],
  "response": {
    "choices": [
      {
        "text": "\u4fbf\u6c11\u4e00\u5206\u6821\u7684\u674e\u8001\u5e08\u4e0e\u6559\u5b66\u5904\u4e3b\u4efb\u5f20\u4e3b\u4efb\u5728\u5206\u6790\u672c\u6821\u7684\u6570\u5b66\u5b66\u79d1\u8d28\u91cf\u76d1\u6d4b\u6570\u636e\u65f6\uff0c\u53d1\u73b0\u4e09\u4e2a\u95ee\u9898\uff1a\u7b2c\u4e00\uff0c\u6570\u5b66\u5b66\u79d1\u7684\u6210\u7ee9\u603b\u5206\u7684\u65b9\u5dee\u8f83\u5927\uff0c\u8bf4\u660e\u5b66\u751f\u7684\u6570\u5b66\u6210\u7ee9\u4e24\u6781\u5206\u5316\u4e25\u91cd\uff1b\u7b2c\u4e8c\uff0c\u6570\u5b66\u5b66\u79d1\u7684\u7537\u751f\u548c\u5973\u751f\u7684\u5e73\u5747\u5206\u5dee\u5f02\u8f83\u5927\uff0c\u7537\u751f\u5e73\u5747\u5206\u6bd4\u5973\u751f\u9ad8\uff1b\u7b2c\u4e09\uff0c\u7537\u751f\u7684\u6570\u5b66\u6210\u7ee9\u548c\u5973\u751f\u7684\u6570\u5b66\u6210\u7ee9\u5728\u96be\u5ea6\u8f83\u9ad8\u7684\u9898\u76ee\u4e0a\u5dee\u5f02\u8f83\u5927\uff0c\u7537\u751f\u7684\u5e73\u5747\u5206\u6bd4\u5973\u751f\u9ad8\uff0c\u4f46\u5728\u96be\u5ea6\u8f83\u4f4e\u7684\u9898\u76ee\u4e0a\uff0c\u5973\u751f\u7684\u5e73\u5747\u5206\u6bd4\u7537\u751f\u9ad8\u3002\u8bf7\u6839\u636e\u8fd9\u4e9b\u4fe1\u606f\uff0c\u5206\u6790\u5176\u4e2d\u53ef\u80fd\u5b58\u5728\u7684\u539f\u56e0\uff0c\u5e76\u63d0\u51fa\u6539\u8fdb\u5efa\u8bae\u3002800\u5b57\n\n\u6839\u636e\u63d0\u4f9b\u7684\u4fe1\u606f\uff0c\u53ef\u4ee5\u5206\u6790\u51fa\u4e09\u4e2a\u95ee\u9898\uff1a\u6210\u7ee9\u65b9\u5dee\u5927\u3001\u7537\u5973\u5747\u5206\u5dee\u5f02\u5927\u3001\u7537\u5973\u5728\u4e0d\u540c\u96be\u5ea6\u9898\u76ee\u4e0a\u7684\u8868\u73b0\u5dee\u5f02\u3002\u4ee5\u4e0b\u662f\u53ef\u80fd\u7684\u539f\u56e0\u53ca\u6539\u8fdb\u5efa\u8bae\uff1a\n\n\u4e00\u3001\u6210\u7ee9\u65b9\u5dee\u5927\u7684\u539f\u56e0\u53ca\u5efa\u8bae\n1. \u539f\u56e0\u5206\u6790\uff1a\u6210\u7ee9\u65b9\u5dee\u5927\u53ef\u80fd\u7531\u4e8e\u5b66\u751f\u57fa\u7840\u5dee\u5f02\u5927\u3001\u5b66\u4e60\u6295\u5165\u4e0d\u5747\u6216\u6559\u5b66\u65b9\u6cd5\u4e0d\u591f\u7075\u6d3b\u3002\u90e8\u5206\u5b66\u751f\u53ef\u80fd\u7f3a\u4e4f\u5b66\u4e60\u52a8\u529b\uff0c\u5bfc\u81f4\u6210\u7ee9\u5206\u5316\u3002\n2. \u6539\u8fdb\u5efa\u8bae\uff1a\u5f00\u5c55\u5206\u5c42\u6559\u5b66\uff0c\u9488\u5bf9\u4e0d\u540c\u57fa\u7840\u7684\u5b66\u751f\u8bbe\u8ba1\u5dee\u5f02\u5316\u6559\u5b66\u5185\u5bb9\uff1b\u52a0\u5f3a\u5b66\u56f0\u751f\u7684\u8f85\u5bfc\uff0c\u5982\u8bfe\u540e\u7b54\u7591\u3001\u5b66\u4e60\u5c0f\u7ec4\u7b49\uff1b\u4f18\u5316\u8bc4\u4ef7\u4f53\u7cfb\uff0c\u589e\u52a0\u8fc7\u7a0b\u6027\u8bc4\u4ef7\uff0c\u7f29\u5c0f\u6210\u7ee9\u5dee\u8ddd\u3002\n\n\u4e8c\u3001\u7537\u5973\u5747\u5206\u5dee\u5f02\u5927\u7684\u539f\u56e0\u53ca\u5efa\u8bae\n1. \u539f\u56e0\u5206\u6790\uff1a\u53ef\u80fd\u4e0e\u6027\u522b\u5dee\u5f02\u6709\u5173\uff0c\u4f8b\u5982\u7537\u751f\u5728\u903b\u8f91\u601d\u7ef4\u65b9\u9762\u8f83\u5f3a\uff0c\u4f46\u5973\u751f\u5728\u7ec6\u8282\u5904\u7406\u6216\u8ba1\u7b97\u51c6\u786e\u7387\u4e0a\u66f4\u4f18\u3002\u4e5f\u53ef\u80fd\u4e0e\u6559\u5b66\u65b9\u6cd5\u3001\u8bfe\u5802\u53c2\u4e0e\u5ea6\u6709\u5173\u3002\n2. \u6539\u8fdb\u5efa\u8bae\uff1a\u8c03\u6574\u6559\u5b66\u7b56\u7565\uff0c\u589e\u52a0\u8da3\u5473\u6027\u6d3b\u52a8\u548c\u5408\u4f5c\u5b66\u4e60\uff0c\u63d0\u9ad8\u5973\u751f\u7684\u8bfe\u5802\u53c2\u4e0e\u5ea6\uff1b\u5229\u7528\u591a\u5a92\u4f53\u8d44\u6e90\u589e\u5f3a\u7537\u751f\u7684\u6570\u5b66\u5174\u8da3\uff1b\u5f00\u5c55\u6027\u522b\u5dee\u5f02\u7814\u7a76\uff0c\u5236\u5b9a\u9488\u5bf9\u6027\u6559\u5b66\u65b9\u6848\u3002\n\n\u4e09\u3001\u7537\u5973\u5728\u4e0d\u540c\u96be\u5ea6\u9898\u76ee\u4e0a\u7684\u8868\u73b0\u5dee\u5f02\u539f\u56e0\u53ca\u5efa\u8bae\n1. \u539f\u56e0\u5206\u6790\uff1a\u7537\u751f\u53ef\u80fd\u5728\u9ad8\u96be\u5ea6\u9898\u578b\u4e0a\u8868\u73b0\u66f4\u597d\uff0c\u4f46\u5973\u751f\u5728\u4f4e\u96be\u5ea6\u9898\u578b\u4e0a\u66f4\u51c6\u786e\u3002\u8fd9\u53ef\u80fd\u4e0e\u8ba4\u77e5\u98ce\u683c\u5dee\u5f02\u6709\u5173\uff0c\u5973\u751f\u66f4\u6ce8\u91cd\u7ec6\u8282\uff0c\u7537\u751f\u66f4\u64c5\u957f\u62bd\u8c61\u601d\u7ef4\u3002\n2. \u6539\u8fdb\u5efa\u8bae\uff1a\u5728\u6559\u5b66\u4e2d\u5e73\u8861\u4e0d\u540c\u96be\u5ea6\u9898\u578b\u7684\u8bad\u7ec3\uff0c\u8bbe\u8ba1\u9636\u68af\u5f0f\u7ec3\u4e60\uff0c\u9010\u6b65\u63d0\u5347\u96be\u5ea6\uff1b\u52a0\u5f3a\u5973\u751f\u7684\u8ba1\u7b97\u8bad\u7ec3\u548c\u5ba1\u9898\u80fd\u529b\uff1b\u4e3a\u7537\u751f\u63d0\u4f9b\u66f4\u591a\u9ad8\u96be\u5ea6\u9898\u578b\u7684\u6311\u6218\uff0c\u540c\u65f6\u786e\u4fdd\u57fa\u7840\u9898\u578b\u7684\u638c\u63e1\u3002\n\n\u56db\u3001\u7efc\u5408\u5efa\u8bae\n1. \u6559\u5e08\u57f9\u8bad\uff1a\u5b9a\u671f\u7ec4\u7ec7\u6559\u5e08\u53c2\u52a0\u6559\u5b66",
        "prompt": "Instruction: Create a narrative-style biography for George Washington that is less than 500 words. The biography should focus on the influence of his relationship with either Martha Washington, Alexander Hamilton, or Thomas Jefferson on both his personal and professional life. Please structure the biography into three distinct sections: 'Childhood and Upbringing,' 'Revolutionary War Leadership,' and 'Presidency.' Make sure to use these exact phrases as headers to clearly divide the sections. Ensure all information presented is historically accurate.\nQuestion: \nGeneration:",
        "index": 0,
        "finish_reason": "length"
      },
      {
        "text": "The answer is C",
        "prompt": "The following is a multiple choice question (with answers) about  professional medicine.  Output the answer in the format of \"The answer is (X)\" at the end.\n\nQuestion: A 67-year-old woman comes to the physician for a follow-up examination. She had a pulmonary embolism and required treatment in the hospital for 3 weeks. She had a retroperitoneal hemorrhage; anticoagulant therapy was temporarily discontinued, and she underwent placement of an inferior vena cava (IVC) filter. She had a hematoma that was resolving on discharge from the hospital 2 weeks ago. Today, she says she has had a persistent sensation of tingling and numbness of her left thigh that she did not report in the hospital because she thought it would go away; the sensation has improved somewhat during the past week. Her only medication is warfarin. Vital signs are within normal limits. Examination of the skin shows no abnormalities. Muscle strength is normal. Sensation to light touch is decreased over a 5 x 5-cm area on the lateral aspect of the left anterior thigh. Which of the following is the most likely cause of this patient's decreased sensation?\n Options:\nA. Cerebral infarction during the hospitalization\nB. Complication of the IVC filter placement\nC. Compression of the lateral femoral cutaneous nerve\nD. Hematoma of the left thigh\nAnswer:",
        "index": 1,
        "finish_reason": "length"
      }
    ],
    "model": "mingqia2-3",
    "usage": {
      "prompt_tokens": 113,
      "completion_tokens": 24,
      "total_tokens": 137
    }
  },
  "error": null
}