{
  "batch_id": 94,
  "batch_size": 2,
  "scheduled_arrival_time": 1139.2884387522854,
  "actual_send_time": 1139.2917063236237,
  "request_duration": 398.75156474113464,
  "completion_time": 1538.0433089733124,
  "status_code": 200,
  "prompt_idxs": [
    28,
    160
  ],
  "response": {
    "choices": [
      {
        "text": "submit_paths(paths=[[0, 6, 8, 12, 13]], weights=[340])",
        "prompt": "You are given a directed graph with 14 nodes (numbered 0 to 13) and the following edges:\n\nEdges (source -> target, weight):\n0 -> 1, weight: 363\n0 -> 2, weight: 251\n0 -> 3, weight: 368\n0 -> 4, weight: 207\n0 -> 5, weight: 123\n0 -> 6, weight: 126\n1 -> 2, weight: 137\n1 -> 3, weight: 243\n1 -> 4, weight: 81\n1 -> 5, weight: 132\n1 -> 6, weight: 152\n1 -> 7, weight: 332\n2 -> 3, weight: 194\n2 -> 4, weight: 127\n2 -> 5, weight: 245\n2 -> 6, weight: 220\n2 -> 7, weight: 110\n2 -> 8, weight: 102\n3 -> 4, weight: 256\n3 -> 5, weight: 291\n3 -> 6, weight: 149\n3 -> 7, weight: 285\n3 -> 8, weight: 134\n3 -> 9, weight: 327\n4 -> 5, weight: 219\n4 -> 6, weight: 319\n4 -> 7, weight: 37\n4 -> 8, weight: 166\n4 -> 9, weight: 363\n4 -> 10, weight: 108\n5 -> 6, weight: 367\n5 -> 7, weight: 166\n5 -> 8, weight: 335\n5 -> 9, weight: 366\n5 -> 10, weight: 263\n5 -> 11, weight: 256\n6 -> 7, weight: 231\n6 -> 8, weight: 125\n6 -> 9, weight: 318\n6 -> 10, weight: 40\n6 -> 11, weight: 247\n6 -> 12, weight: 195\n7 -> 8, weight: 122\n7 -> 9, weight: 59\n7 -> 10, weight: 206\n7 -> 11, weight: 255\n7 -> 12, weight: 350\n7 -> 13, weight: 375\n8 -> 9, weight: 63\n8 -> 10, weight: 293\n8 -> 11, weight: 20\n8 -> 12, weight: 66\n8 -> 13, weight: 127\n8 -> 0, weight: 31\n9 -> 10, weight: 371\n9 -> 11, weight: 218\n9 -> 12, weight: 247\n9 -> 13, weight: 316\n9 -> 0, weight: 118\n9 -> 1, weight: 355\n10 -> 11, weight: 88\n10 -> 12, weight: 242\n10 -> 13, weight: 380\n10 -> 0, weight: 32\n10 -> 1, weight: 103\n10 -> 2, weight: 336\n11 -> 12, weight: 296\n11 -> 13, weight: 113\n11 -> 0, weight: 242\n11 -> 1, weight: 12\n11 -> 2, weight: 11\n11 -> 3, weight: 224\n12 -> 13, weight: 23\n12 -> 0, weight: 144\n12 -> 1, weight: 91\n12 -> 2, weight: 166\n12 -> 3, weight: 286\n12 -> 4, weight: 186\n13 -> 0, weight: 19\n13 -> 1, weight: 33\n13 -> 2, weight: 238\n13 -> 3, weight: 93\n13 -> 4, weight: 262\n13 -> 5, weight: 364\n\nFind the top 1 shortest path from node 0 to node 13.\n\nReturn your answer by calling the submit_paths function with:\n- paths: A list of paths, where each path is a list of node indices\n- weights: A list of corresponding path weights\n\nFor example, if the shortest path is [0, 2, 4] with weight 10, call:\nsubmit_paths(paths=[[0, 2, 4]], weights=[10])\n",
        "index": 0,
        "finish_reason": "length"
      },
      {
        "text": "-about\u95ee\u9898\uff0c\u6bd4\u5982\u8868\u9762\u6469\u64e6\u7cfb\u6570\u548c\u63a5\u89e6\u9762\u79ef\u7684\u5f71\u54cd\u3002\u56e0\u6b64\uff0c\u5efa\u7acb\u4e00\u4e2a\u5408\u7406\u7684\u6a21\u578b\uff0c\u8003\u8651\u8fd9\u4e9b\u56e0\u7d20\uff0c\u662f\u89e3\u51b3\u8fd9\u4e2a\u95ee\u9898\u7684\u5173\u952e\u3002\n\n**3. \u7279\u5f81\u5206\u6790\u4e0e\u5efa\u6a21**  \n\u901a\u8fc7\u89c2\u5bdf\u5b50\u5f39\u7684\u5f39\u9053\u548c\u8fd0\u52a8\u8f68\u8ff9\uff0c\u53ef\u4ee5\u53d1\u73b0\u5176\u8fd0\u52a8\u4e3b\u8981\u53d7\u4ee5\u4e0b\u7279\u5f81\u5f71\u54cd\uff1a  \n- **\u5b50\u5f39\u7684\u65cb\u8f6c**\uff1a\u5b50\u5f39\u901a\u5e38\u6709\u819b\u7ebf\uff0c\u65cb\u8f6c\u53ef\u589e\u52a0\u7a33\u5b9a\u6027\uff0c\u8fdb\u800c\u5f71\u54cd\u6469\u64e6\u7cfb\u6570\u548c\u8fd0\u52a8\u963b\u529b\u3002  \n- **\u5f39\u9053\u8f68\u8ff9**\uff1a\u5b50\u5f39\u5728\u7a7a\u4e2d\u7684\u8fd0\u52a8\u53d7\u91cd\u529b\u3001\u7a7a\u6c14\u963b\u529b\u548c\u6469\u64e6\u529b\u5171\u540c\u4f5c\u7528\uff0c\u8f68\u8ff9\u5448\u629b\u7269\u7ebf\u3002  \n- **\u63a5\u89e6\u9762\u79ef**\uff1a\u5b50\u5f39\u4e0e\u7a7a\u6c14\u7684\u63a5\u89e6\u9762\u79ef\uff08\u8868\u9762\u79ef\uff09\u5f71\u54cd\u7a7a\u6c14\u963b\u529b\u7684\u5927\u5c0f\u3002  \n- **\u8868\u9762\u6750\u8d28**\uff1a\u5b50\u5f39\u7684\u6750\u8d28\uff08\u5982\u94a2\u3001\u94dd\u5408\u91d1\uff09\u5f71\u54cd\u6469\u64e6\u7cfb\u6570\uff0c\u8fdb\u800c\u5f71\u54cd\u8fd0\u52a8\u963b\u529b\u3002  \n\n\u56e0\u6b64\uff0c\u6a21\u578b\u9700\u8981\u7efc\u5408\u8003\u8651\u8fd9\u4e9b\u56e0\u7d20\uff0c\u5efa\u7acb\u4e00\u4e2a\u80fd\u591f\u63cf\u8ff0\u5b50\u5f39\u5728\u7a7a\u4e2d\u7684\u8fd0\u52a8\u72b6\u6001\u7684\u7269\u7406\u6a21\u578b\u3002\n\n**4. \u6570\u5b66\u5efa\u6a21\u4e0e\u6c42\u89e3**  \n\u5047\u8bbe\u5b50\u5f39\u5728\u7a7a\u4e2d\u7684\u8fd0\u52a8\u4e3a\u4e8c\u7ef4\u629b\u7269\u7ebf\u8fd0\u52a8\uff0c\u5176\u53d7\u529b\u5305\u62ec\uff1a  \n- **\u91cd\u529b**\uff1a\u5927\u5c0f\u4e3a $ mg $\uff0c\u65b9\u5411\u7ad6\u76f4\u5411\u4e0b\u3002  \n- **\u7a7a\u6c14\u963b\u529b**\uff1a\u4e0e\u5b50\u5f39\u7684\u8fd0\u52a8\u901f\u5ea6\u6210\u6b63\u6bd4\uff0c\u65b9\u5411\u4e0e\u8fd0\u52a8\u65b9\u5411\u76f8\u53cd\u3002  \n- **\u6469\u64e6\u529b**\uff1a\u53ef\u80fd\u4e0e\u5b50\u5f39\u4e0e\u7a7a\u6c14\u7684\u63a5\u89e6\u9762\u79ef\u6709\u5173\uff0c\u4f46\u901a\u5e38\u7a7a\u6c14\u963b\u529b\u662f\u4e3b\u5bfc\u56e0\u7d20\u3002  \n\n\u6839\u636e\u725b\u987f\u7b2c\u4e8c\u5b9a\u5f8b\uff0c\u53ef\u4ee5\u5efa\u7acb\u4ee5\u4e0b\u65b9\u7a0b\uff1a  \n$$\nm \\frac{d^2 \\mathbf{r}}{dt^2} = -mg \\mathbf{j} - k |\\mathbf{v}| \\mathbf{v}\n$$  \n\u5176\u4e2d\uff0c$ \\mathbf{r} $ \u662f\u5b50\u5f39\u7684\u4f4d\u7f6e\u5411\u91cf\uff0c$ \\mathbf{v} $ \u662f\u901f\u5ea6\u5411\u91cf\uff0c$ k $ \u662f\u7a7a\u6c14\u963b\u529b\u7cfb\u6570\uff0c$ g $ \u662f\u91cd\u529b\u52a0\u901f\u5ea6\uff0c$ \\mathbf{j} $ \u662f\u7ad6\u76f4\u65b9\u5411\u5355\u4f4d\u5411\u91cf\u3002  \n\n\u7531\u4e8e\u7a7a\u6c14\u963b\u529b\u4e0e\u901f\u5ea6\u5e73\u65b9\u6210\u6b63\u6bd4\uff08\u5728\u9ad8\u901f\u60c5\u51b5\u4e0b\uff09\uff0c\u65b9\u7a0b\u53ef\u80fd\u9700\u8981\u4fee\u6b63\u4e3a\uff1a  \n$$\nm \\frac{d^2 \\mathbf{r}}{dt^2} = -mg \\mathbf{j} - \\frac{1}{2} \\rho v^2 C_d A \\mathbf{v}\n$$  \n\u5176\u4e2d\uff0c$ \\rho $ \u662f\u7a7a\u6c14\u5bc6\u5ea6\uff0c$ C_d $ \u662f\u963b\u529b\u7cfb\u6570\uff0c$ A $ \u662f\u5b50\u5f39\u7684\u6a2a\u622a\u9762\u79ef\uff0c$ v $ \u662f\u901f\u5ea6",
        "prompt": "Instruction: For a quick and efficient office workout, suggest a short routine.\nQuestion: \nGeneration:",
        "index": 1,
        "finish_reason": "length"
      }
    ],
    "model": "mingqia2-3",
    "usage": {
      "prompt_tokens": 28,
      "completion_tokens": 89,
      "total_tokens": 117
    }
  },
  "error": null
}