{
  "batch_id": 87,
  "batch_size": 1,
  "scheduled_arrival_time": 1040.3419653836763,
  "actual_send_time": 1040.3435249328613,
  "request_duration": 488.21815967559814,
  "completion_time": 1528.561721086502,
  "status_code": 200,
  "prompt_idxs": [
    122
  ],
  "response": {
    "choices": [
      {
        "text": "\u5355rRNA\u7684\u5408\u6210\u53ef\u80fd\u4e0e\u54ea\u4e2a\u57fa\u56e0\u6709\u5173\uff1f\n\n\u5728\u751f\u7269\u4f53\u4e2d\uff0crRNA\uff08\u6838\u7cd6\u4f53RNA\uff09\u7684\u5408\u6210\u4e3b\u8981\u6d89\u53ca\u4e00\u7ec4\u7279\u5b9a\u7684\u57fa\u56e0\uff0c\u8fd9\u4e9b\u57fa\u56e0\u4f4d\u4e8e\u4e0d\u540c\u7684\u4f4d\u7f6e\uff0c\u5982\u771f\u6838\u751f\u7269\u7684\u6838\u57fa\u56e0\u7ec4\u548c\u539f\u6838\u751f\u7269\u7684\u8d28\u7c92\u6216\u67d3\u8272\u4f53\u3002\u4f8b\u5982\uff0c\u5728\u771f\u6838\u751f\u7269\u4e2d\uff0crRNA\u57fa\u56e0\u901a\u5e38\u4f4d\u4e8e\u7ebf\u7c92\u4f53\u57fa\u56e0\u7ec4\u4e2d\uff0c\u800c\u67d0\u4e9b\u771f\u6838\u751f\u7269\u7684rRNA\u57fa\u56e0\u53ef\u80fd\u4f4d\u4e8e\u7ec6\u80de\u6838\u57fa\u56e0\u7ec4\u4e2d\u3002\u7136\u800c\uff0c\u5bf9\u4e8e\u5355rRNA\u7684\u5408\u6210\uff0c\u53ef\u80fd\u9700\u8981\u66f4\u5177\u4f53\u7684\u5206\u6790\u3002\n\n\u5728\u539f\u6838\u751f\u7269\u4e2d\uff0crRNA\u7684\u5408\u6210\u4e3b\u8981\u7531rRNA\u57fa\u56e0\u7f16\u7801\uff0c\u8fd9\u4e9b\u57fa\u56e0\u4f4d\u4e8e\u7ec6\u80de\u6838\u7684\u67d3\u8272\u4f53\u4e2d\uff0c\u4f8b\u5982\u5728\u7ec6\u83cc\u4e2d\uff0crRNA\u57fa\u56e0\u901a\u5e38\u4f4d\u4e8e\u67d3\u8272\u4f53\u7684\u7279\u5b9a\u533a\u57df\uff0c\u5982\u5927\u4e9a\u57farRNA\u57fa\u56e0\uff0816S rRNA\uff09\u4f4d\u4e8e\u7279\u5b9a\u7684\u4f4d\u7f6e\uff0c\u800c\u5c0f\u4e9a\u57farRNA\u57fa\u56e0\uff0818S rRNA\uff09\u5219\u4f4d\u4e8e\u5176\u4ed6\u4f4d\u7f6e\u3002\u8fd9\u4e9b\u57fa\u56e0\u7684\u8868\u8fbe\u548c\u8c03\u63a7\u53ef\u80fd\u6d89\u53ca\u591a\u4e2a\u57fa\u56e0\u548c\u8c03\u63a7\u5143\u4ef6\u3002\n\n\u5bf9\u4e8e\u771f\u6838\u751f\u7269\uff0crRNA\u7684\u5408\u6210\u6d89\u53ca\u591a\u4e2a\u57fa\u56e0\uff0c\u8fd9\u4e9b\u57fa\u56e0\u4f4d\u4e8e\u7ec6\u80de\u6838\u7684\u57fa\u56e0\u7ec4\u4e2d\uff0c\u4f8b\u5982\u5728\u771f\u6838\u751f\u7269\u4e2d\uff0crRNA\u57fa\u56e0\u901a\u5e38\u5206\u4e3a\u4e0d\u540c\u7684\u5bb6\u65cf\uff0c\u598218S\u300128S\u548c5.8S rRNA\u57fa\u56e0\uff0c\u8fd9\u4e9b\u57fa\u56e0\u4f4d\u4e8e\u4e0d\u540c\u7684\u4f4d\u7f6e\uff0c\u5982\u7ebf\u7c92\u4f53\u57fa\u56e0\u7ec4\u4e2d\u53ef\u80fd\u53c2\u4e0erRNA\u7684\u5408\u6210\u3002\n\n\u7136\u800c\uff0c\u5bf9\u4e8e\u5355rRNA\u7684\u5408\u6210\uff0c\u53ef\u80fd\u9700\u8981\u66f4\u5177\u4f53\u7684\u4fe1\u606f\uff0c\u4f8b\u5982\u5728\u67d0\u4e9b\u60c5\u51b5\u4e0b\uff0c\u7279\u5b9a\u7684\u57fa\u56e0\u53ef\u80fd\u8d1f\u8d23\u5355\u4e2arRNA\u7684\u5408\u6210\uff0c\u8fd9\u53ef\u80fd\u6d89\u53ca\u4e0d\u540c\u7684\u57fa\u56e0\u548c\u8c03\u63a7\u673a\u5236\u3002\u56e0\u6b64\uff0c\u53ef\u80fd\u9700\u8981\u66f4\u8be6\u7ec6\u7684\u751f\u7269\u5b66\u80cc\u666f\u77e5\u8bc6\u6765\u786e\u5b9a\u5177\u4f53\u7684\u57fa\u56e0\u3002\n\n\u7efc\u4e0a\u6240\u8ff0\uff0crRNA\u7684\u5408\u6210\u6d89\u53ca\u591a\u4e2a\u57fa\u56e0\uff0c\u8fd9\u4e9b\u57fa\u56e0\u4f4d\u4e8e\u4e0d\u540c\u7684\u57fa\u56e0\u7ec4\u4e2d\uff0c\u5982\u7ebf\u7c92\u4f53\u57fa\u56e0\u7ec4\u3001\u7ec6\u80de\u6838\u57fa\u56e0\u7ec4\u7b49\u3002\u5177\u4f53\u7684\u57fa\u56e0\u53ef\u80fd\u56e0\u751f\u7269\u79cd\u7c7b\u548c\u7ec6\u80de\u7c7b\u578b\u800c\u5f02\uff0c\u56e0\u6b64\u65e0\u6cd5\u7ed9\u51fa\u5355\u4e00\u7684\u57fa\u56e0\u540d\u79f0\u3002\u9700\u8981\u66f4\u5177\u4f53\u7684\u751f\u7269\u5b66\u80cc\u666f\u4fe1\u606f\u6765\u786e\u5b9a\u5177\u4f53\u7684\u57fa\u56e0\u3002\n\u6839\u636e\u60a8\u63d0\u4f9b\u7684\u4fe1\u606f\uff0c\u60a8\u53ef\u80fd\u60f3\u4e86\u89e3\u7684\u662f\u4e0erRNA\u5408\u6210\u76f8\u5173\u7684\u57fa\u56e0\uff0c\u800c\u4e0d\u662f\u5355\u4e2arRNA\u7684\u5408\u6210\u3002\u5728\u771f\u6838\u751f\u7269\u4e2d\uff0crRNA\u7684\u5408\u6210\u4e3b\u8981\u6d89\u53ca\u51e0\u4e2a\u57fa\u56e0\uff0c\u8fd9\u4e9b\u57fa\u56e0\u4f4d\u4e8e\u4e0d\u540c\u7684\u4f4d\u7f6e\uff0c\u5982\u7ebf\u7c92\u4f53\u57fa\u56e0\u7ec4\u548c\u7ec6\u80de\u6838\u57fa\u56e0\u7ec4\u3002\u4f8b\u5982\uff0c\u7ebf\u7c92\u4f53\u57fa\u56e0\u7ec4\u4e2d\u5305\u542brRNA\u57fa\u56e0\uff0c\u598212S rRNA\u548c16S rRNA\u57fa\u56e0\uff0c\u800c\u7ec6\u80de\u6838\u57fa\u56e0\u7ec4\u4e2d\u5305\u542b18S\u300128S\u548c5.8S rRNA\u57fa\u56e0\uff0c\u8fd9\u4e9b\u57fa\u56e0\u5171\u540c\u53c2\u4e0e",
        "prompt": "Instruction: Design a family-focused weekly activity plan consisting of five activities that promote togetherness, and communication. Each activity should be suitable for various age groups and require minimal resources. Include brief descriptions (30-50 words) explaining the purpose of each activity and how it strengthens family bonds.\nQuestion: \nGeneration:",
        "index": 0,
        "finish_reason": "length"
      }
    ],
    "model": "mingqia2-3",
    "usage": {
      "prompt_tokens": 74,
      "completion_tokens": 13,
      "total_tokens": 87
    }
  },
  "error": null
}