{
  "batch_id": 84,
  "batch_size": 3,
  "scheduled_arrival_time": 1017.0513074514746,
  "actual_send_time": 1017.0532026290894,
  "request_duration": 400.52390575408936,
  "completion_time": 1417.577133178711,
  "status_code": 200,
  "prompt_idxs": [
    261,
    146,
    35
  ],
  "response": {
    "choices": [
      {
        "text": "The answer is A",
        "prompt": "The following is a multiple choice question (with answers) about  college medicine.  Output the answer in the format of \"The answer is (X)\" at the end.\n\nQuestion: What is the most likely outcome of this modification?\n\ufeff\nAn RNA strand that normally produces a transmembrane protein that facilitates potassium entry into muscle cells is modified to produce a different strand. The original strand is as follows:\n\n GAAUAGAUGGGAAGCGCCAGAUACAGUAACAGA\u2026 \n\nThe modified sequence is as follows:\n\n GAAUAGAUGGGAAGCGCCAGAUACAGUACCAGA\u2026\n Options:\nA. Absence of the protein\nB. Production of a similar-sized but dysfunctional protein\nC. No change\nD. Production of a larger, likely dysfunctional protein\nAnswer:",
        "index": 0,
        "finish_reason": "length"
      },
      {
        "text": "\u05ea\u5bf9\u95ee\uff1a1. \u5982\u679c\u7528\u6237\u8be2\u95ee\u201c\u5982\u4f55\u63d0\u9ad8\u5de5\u4f5c\u6548\u7387\u201d\uff0c\u5e94\u8be5\u7ed9\u51fa\u4ec0\u4e48\u5efa\u8bae\uff1f2. \u5982\u679c\u7528\u6237\u95ee\u201c\u5982\u4f55\u51cf\u5c11\u5de5\u4f5c\u538b\u529b\u201d\uff0c\u5e94\u8be5\u7ed9\u51fa\u4ec0\u4e48\u5efa\u8bae\uff1f3. \u5982\u679c\u7528\u6237\u95ee\u201c\u5982\u4f55\u6539\u5584\u4eba\u9645\u5173\u7cfb\u201d\uff0c\u5e94\u8be5\u7ed9\u51fa\u4ec0\u4e48\u5efa\u8bae\uff1f4. \u5982\u679c\u7528\u6237\u95ee\u201c\u5982\u4f55\u63d0\u5347\u81ea\u6211\u7ba1\u7406\u80fd\u529b\u201d\uff0c\u5e94\u8be5\u7ed9\u51fa\u4ec0\u4e48\u5efa\u8bae\uff1f5. \u5982\u679c\u7528\u6237\u95ee\u201c\u5982\u4f55\u4fdd\u6301\u8eab\u5fc3\u5065\u5eb7\u201d\uff0c\u5e94\u8be5\u7ed9\u51fa\u4ec0\u4e48\u5efa\u8bae\uff1f\n\n\u8fd9\u4e94\u4e2a\u95ee\u9898\u90fd\u662f\u5173\u4e8e\u4e2a\u4eba\u53d1\u5c55\u548c\u751f\u6d3b\u8d28\u91cf\u7684\uff0c\u9700\u8981\u4ece\u4e0d\u540c\u89d2\u5ea6\u7ed9\u51fa\u6709\u5efa\u8bbe\u6027\u7684\u5efa\u8bae\u3002\u6bcf\u4e2a\u95ee\u9898\u90fd\u9700\u8981\u5177\u4f53\u3001\u53ef\u64cd\u4f5c\u7684\u6b65\u9aa4\u6216\u65b9\u6cd5\uff0c\u540c\u65f6\u8981\u7b26\u5408\u73b0\u4ee3\u804c\u573a\u548c\u751f\u6d3b\u7684\u9700\u6c42\u3002\n\n1. \u5982\u4f55\u63d0\u9ad8\u5de5\u4f5c\u6548\u7387\uff1f\n\n\u89e3\u51b3\u65b9\u6848\uff1a\n- \u4f7f\u7528\u65f6\u95f4\u7ba1\u7406\u5de5\u5177\uff08\u5982Trello\u3001Notion\u3001Todoist\u7b49\uff09\uff0c\u5e2e\u52a9\u89c4\u5212\u548c\u8ddf\u8e2a\u4efb\u52a1\u8fdb\u5ea6\u3002\n- \u91c7\u7528\u756a\u8304\u5de5\u4f5c\u6cd5\uff08Pomodoro Technique\uff09\u6765\u5212\u5206\u5de5\u4f5c\u65f6\u95f4\uff0c\u63d0\u9ad8\u4e13\u6ce8\u5ea6\u3002\n- \u5212\u5206\u4f18\u5148\u7ea7\uff0c\u4f7f\u7528\u201c\u56db\u8c61\u9650\u6cd5\u5219\u201d\uff08\u7d27\u6025/\u91cd\u8981\u77e9\u9635\uff09\u6765\u5b89\u6392\u4efb\u52a1\u3002\n- \u4f18\u5316\u5de5\u4f5c\u73af\u5883\uff0c\u51cf\u5c11\u5e72\u6270\uff0c\u5982\u5173\u95ed\u901a\u77e5\u3001\u4f7f\u7528\u964d\u566a\u8033\u673a\u3002\n- \u5efa\u7acb\u6bcf\u65e5\u6216\u6bcf\u5468\u7684\u5de5\u4f5c\u8ba1\u5212\uff0c\u660e\u786e\u76ee\u6807\u548c\u622a\u6b62\u65e5\u671f\u3002\n- \u5b66\u4f1a\u62d2\u7edd\u975e\u7d27\u6025\u4efb\u52a1\uff0c\u907f\u514d\u8fc7\u5ea6\u627f\u8bfa\u3002\n- \u5b9a\u671f\u56de\u987e\u548c\u8c03\u6574\u5de5\u4f5c\u6d41\u7a0b\uff0c\u5bfb\u627e\u4f18\u5316\u70b9\u3002\n\n2. \u5982\u4f55\u51cf\u5c11\u5de5\u4f5c\u538b\u529b\uff1f\n\n\u89e3\u51b3\u65b9\u6848\uff1a\n- \u6b63\u786e\u770b\u5f85\u538b\u529b\uff0c\u5c06\u5176\u89c6\u4e3a\u6210\u957f\u7684\u673a\u4f1a\u800c\u975e\u5a01\u80c1\u3002\n- \u5408\u7406\u5b89\u6392\u5de5\u4f5c\u91cf\uff0c\u907f\u514d\u8fc7\u5ea6\u8d1f\u8377\u3002\n- \u5b66\u4f1a\u653e\u677e\u6280\u5de7\uff0c\u5982\u6df1\u547c\u5438\u3001\u51a5\u60f3\u3001\u745c\u4f3d\u7b49\u3002\n- \u4fdd\u6301\u826f\u597d\u7684\u4f5c\u606f\uff0c\u4fdd\u8bc1\u5145\u8db3\u7761\u7720\uff0c\u907f\u514d\u71ac\u591c\u3002\n- \u4e0e\u540c\u4e8b\u6216\u670b\u53cb\u4ea4\u6d41\uff0c\u5bfb\u6c42\u652f\u6301\u548c\u7406\u89e3\u3002\n- \u57f9\u517b\u5174\u8da3\u7231\u597d\uff0c\u8f6c\u79fb\u6ce8\u610f\u529b\uff0c\u4fdd\u6301\u5fc3\u60c5\u6109\u60a6\u3002\n- \u9002\u5f53\u8fdb\u884c\u4f53\u80b2\u953b\u70bc\uff0c\u91ca\u653e\u538b\u529b\uff0c\u589e\u5f3a\u4f53\u8d28\u3002\n- \u5b66\u4f1a\u65f6\u95f4\u7ba1\u7406\uff0c\u907f\u514d\u62d6\u5ef6\uff0c\u51cf\u5c11\u56e0\u62d6\u5ef6\u5e26\u6765\u7684\u7126\u8651\u3002\n\n3. \u5982\u4f55\u6539\u5584\u4eba\u9645\u5173\u7cfb\uff1f\n\n\u89e3\u51b3\u65b9\u6848\uff1a\n- \u5584\u4e8e\u503e\u542c\uff0c\u7406\u89e3\u4ed6\u4eba\u7684\u89c2\u70b9\u548c\u9700\u6c42\u3002\n- \u4fdd\u6301\u771f\u8bda\u548c\u5c0a\u91cd\uff0c\u907f\u514d\u4e89\u8bba\u548c\u51b2\u7a81\u3002\n- \u9002\u5f53\u8868\u8fbe\u81ea\u5df1\u7684\u611f\u53d7\u548c\u9700\u6c42\uff0c\u5b66\u4f1a\u6c9f\u901a\u3002\n- \u4fdd\u6301\u9002\u5ea6\u7684\u793e\u4ea4\u8ddd\u79bb\uff0c\u907f\u514d\u8fc7\u5ea6\u4f9d\u8d56\u6216\u758f\u8fdc\u4ed6\u4eba\u3002\n- \u57f9\u517b\u540c\u7406\u5fc3\uff0c\u7406\u89e3\u4ed6\u4eba\u7684\u5904\u5883\u548c\u611f\u53d7\u3002\n- \u53c2\u4e0e\u56e2\u961f\u6d3b\u52a8\uff0c\u589e\u5f3a\u534f\u4f5c\u548c\u4fe1\u4efb\u3002\n- \u5b9a\u671f\u7ef4\u62a4\u5173\u7cfb\uff0c\u4fdd\u6301\u8054\u7cfb\u548c\u4e92\u52a8\u3002\n- \u5b66\u4f1a\u5904\u7406\u77db\u76fe\uff0c\u4ee5\u5efa\u8bbe\u6027\u7684\u65b9\u5f0f\u89e3\u51b3\u95ee\u9898\u3002\n\n4. \u5982\u4f55\u63d0\u5347\u81ea\u6211\u7ba1\u7406\u80fd\u529b",
        "prompt": "Instruction: Generate a list of 10 words that follow the consonant-vowel-consonant pattern.\nQuestion: \nGeneration:",
        "index": 1,
        "finish_reason": "length"
      },
      {
        "text": "submit_paths(paths=[[11]], weights=[0])",
        "prompt": "You are given a directed graph with 12 nodes (numbered 0 to 11) and the following edges:\n\nEdges (source -> target, weight):\n0 -> 1, weight: 36\n0 -> 2, weight: 41\n1 -> 2, weight: 90\n1 -> 3, weight: 41\n2 -> 3, weight: 67\n2 -> 4, weight: 208\n3 -> 4, weight: 19\n3 -> 5, weight: 11\n4 -> 5, weight: 173\n4 -> 6, weight: 116\n5 -> 6, weight: 228\n5 -> 7, weight: 252\n6 -> 7, weight: 286\n6 -> 8, weight: 307\n7 -> 8, weight: 17\n7 -> 9, weight: 61\n8 -> 9, weight: 1\n8 -> 10, weight: 301\n9 -> 10, weight: 85\n9 -> 11, weight: 184\n10 -> 11, weight: 295\n10 -> 0, weight: 112\n11 -> 0, weight: 126\n11 -> 1, weight: 318\n\nFind the top 2 shortest paths from node 0 to node 11.\n\nReturn your answer by calling the submit_paths function with:\n- paths: A list of paths, where each path is a list of node indices\n- weights: A list of corresponding path weights\n\nFor example, if the shortest path is [0, 2, 4] with weight 10, call:\nsubmit_paths(paths=[[0, 2, 4]], weights=[10])\n",
        "index": 2,
        "finish_reason": "length"
      }
    ],
    "model": "mingqia2-3",
    "usage": {
      "prompt_tokens": 35,
      "completion_tokens": 71,
      "total_tokens": 106
    }
  },
  "error": null
}