{
  "batch_id": 83,
  "batch_size": 4,
  "scheduled_arrival_time": 995.0129116816942,
  "actual_send_time": 995.0172305107117,
  "request_duration": 422.56397700309753,
  "completion_time": 1417.5812330245972,
  "status_code": 200,
  "prompt_idxs": [
    12,
    154,
    201,
    158
  ],
  "response": {
    "choices": [
      {
        "text": "submit_paths(paths=[[13]], weights=[0])",
        "prompt": "You are given a directed graph with 14 nodes (numbered 0 to 13) and the following edges:\n\nEdges (source -> target, weight):\n0 -> 1, weight: 228\n0 -> 2, weight: 11\n0 -> 3, weight: 2\n0 -> 4, weight: 45\n0 -> 5, weight: 74\n0 -> 6, weight: 41\n1 -> 2, weight: 36\n1 -> 3, weight: 188\n1 -> 4, weight: 58\n1 -> 5, weight: 205\n1 -> 6, weight: 64\n1 -> 7, weight: 92\n2 -> 3, weight: 78\n2 -> 4, weight: 99\n2 -> 5, weight: 105\n2 -> 6, weight: 164\n2 -> 7, weight: 123\n2 -> 8, weight: 124\n3 -> 4, weight: 136\n3 -> 5, weight: 299\n3 -> 6, weight: 284\n3 -> 7, weight: 216\n3 -> 8, weight: 279\n3 -> 9, weight: 161\n4 -> 5, weight: 203\n4 -> 6, weight: 73\n4 -> 7, weight: 156\n4 -> 8, weight: 107\n4 -> 9, weight: 195\n4 -> 10, weight: 249\n5 -> 6, weight: 202\n5 -> 7, weight: 272\n5 -> 8, weight: 209\n5 -> 9, weight: 29\n5 -> 10, weight: 36\n5 -> 11, weight: 251\n6 -> 7, weight: 288\n6 -> 8, weight: 233\n6 -> 9, weight: 155\n6 -> 10, weight: 215\n6 -> 11, weight: 161\n6 -> 12, weight: 225\n7 -> 8, weight: 186\n7 -> 9, weight: 100\n7 -> 10, weight: 174\n7 -> 11, weight: 82\n7 -> 12, weight: 211\n7 -> 13, weight: 226\n8 -> 9, weight: 241\n8 -> 10, weight: 269\n8 -> 11, weight: 98\n8 -> 12, weight: 16\n8 -> 13, weight: 11\n8 -> 0, weight: 253\n9 -> 10, weight: 209\n9 -> 11, weight: 148\n9 -> 12, weight: 35\n9 -> 13, weight: 189\n9 -> 0, weight: 192\n9 -> 1, weight: 227\n10 -> 11, weight: 160\n10 -> 12, weight: 116\n10 -> 13, weight: 184\n10 -> 0, weight: 272\n10 -> 1, weight: 143\n10 -> 2, weight: 61\n11 -> 12, weight: 181\n11 -> 13, weight: 21\n11 -> 0, weight: 240\n11 -> 1, weight: 274\n11 -> 2, weight: 195\n11 -> 3, weight: 75\n12 -> 13, weight: 10\n12 -> 0, weight: 73\n12 -> 1, weight: 99\n12 -> 2, weight: 285\n12 -> 3, weight: 104\n12 -> 4, weight: 88\n13 -> 0, weight: 62\n13 -> 1, weight: 137\n13 -> 2, weight: 83\n13 -> 3, weight: 266\n13 -> 4, weight: 290\n13 -> 5, weight: 130\n\nFind the top 1 shortest path from node 0 to node 13.\n\nReturn your answer by calling the submit_paths function with:\n- paths: A list of paths, where each path is a list of node indices\n- weights: A list of corresponding path weights\n\nFor example, if the shortest path is [0, 2, 4] with weight 10, call:\nsubmit_paths(paths=[[0, 2, 4]], weights=[10])\n",
        "index": 0,
        "finish_reason": "length"
      },
      {
        "text": "Mvc plots are a type of plot in the game of Minecraft. They are usually 16x16 blocks in size. The plots are typically used by players to display their achievements and to share information with others. The plots can be created in a variety of ways, such as by using a plot generator, or by manually placing blocks in a 16x16 area. The plots can be used to store items, but they are more commonly used for decorative purposes. The plots are usually located in a dedicated area of the world, such as a village or a server's main hub. The plots are often designed with specific themes or purposes, such as a farm, a workshop, or a home. The plots can be accessed by any player, and they are usually visible from a distance. The plots are often used to display the player's name, achievements, or other personal information. The plots are also used to share information with others, such as the location of a resource or the availability of a plot. The plots can be modified by the player, and the changes are visible to all players. The plots are typically made of blocks like stone, dirt, or grass. The plots can also be decorated with signs, torches, or other blocks to make them more visually appealing. The plots are usually placed in a way that they are easily accessible and visible to others. The plots can be used for various purposes, such as a meeting place, a storage area, or a display area. The plots are often used in multiplayer servers to create a sense of community and to allow players to share their creations with others. The plots can be used to showcase the player's creativity and to display their achievements in a public space. The plots are also used to share information about the game, such as tutorials, tips, or updates. The plots can be used to create a sense of ownership and to encourage players to contribute to the community. The plots are often used to display the player's name and other personal information, making it easy for others to identify the owner. The plots can be used to store items, but they are more commonly used for decorative purposes. The plots are usually located in a dedicated area of the world, such as a village or a server's main hub. The plots can be accessed by any player, and they are usually visible from a distance. The plots are often designed with specific themes or purposes, such as a farm, a workshop, or a home. The plots can be modified by the player, and the",
        "prompt": "Instruction: Please generate 10 one-sentence hotel reviews from ten different customers, ensuring that 5 of the reviews are positive and 5 are negative. Begin each review with \"CUSTOMER\" and the customer's number. After completing the 10 reviews, provide a two-sentence summarization that captures the overall sentiment and key points from the reviews.\nQuestion: \nGeneration:",
        "index": 1,
        "finish_reason": "length"
      },
      {
        "text": "The answer is A",
        "prompt": "The following is a multiple choice question (with answers) about  professional medicine.  Output the answer in the format of \"The answer is (X)\" at the end.\n\nQuestion: A 75-year-old female presents to the office for a health maintenance examination. She says that she is more fatigued than she was at 65, but she still gardens and drives to the grocery store. Routine laboratory studies reveal a leukocyte count of 25.0\u00a0\u00d7\u00a0103/mcL (reference range 4.5-11.0\u00a0\u00d7\u00a0103/mcL) and 97%\u00a0mature-appearing lymphocytes on a peripheral blood smear. Immunohistochemical stains demonstrate the lymphocytes to be of\u00a0B-cell\u00a0origin. The most likely diagnosis is\n Options:\nA. acute lymphocytic leukemia\nB. acute myelogenous leukemia\nC. chronic lymphocytic leukemia\nD. chronic myelogenous leukemia\nAnswer:",
        "index": 2,