{
  "batch_id": 5,
  "batch_size": 8,
  "scheduled_arrival_time": 68.26935178911167,
  "actual_send_time": 68.28415942192078,
  "request_duration": 376.5644838809967,
  "completion_time": 444.84868144989014,
  "status_code": 200,
  "prompt_idxs": [
    51,
    178,
    151,
    66,
    245,
    180,
    186,
    170
  ],
  "response": {
    "choices": [
      {
        "text": "submit_paths(paths=[[19]], weights=[0])",
        "prompt": "You are given a directed graph with 20 nodes (numbered 0 to 19) and the following edges:\n\nEdges (source -> target, weight):\n0 -> 1, weight: 386\n0 -> 2, weight: 359\n0 -> 3, weight: 160\n0 -> 4, weight: 240\n0 -> 5, weight: 237\n1 -> 2, weight: 309\n1 -> 3, weight: 224\n1 -> 4, weight: 161\n1 -> 5, weight: 29\n1 -> 6, weight: 93\n2 -> 3, weight: 353\n2 -> 4, weight: 252\n2 -> 5, weight: 164\n2 -> 6, weight: 40\n2 -> 7, weight: 276\n3 -> 4, weight: 263\n3 -> 5, weight: 76\n3 -> 6, weight: 135\n3 -> 7, weight: 359\n3 -> 8, weight: 219\n4 -> 5, weight: 13\n4 -> 6, weight: 187\n4 -> 7, weight: 82\n4 -> 8, weight: 314\n4 -> 9, weight: 217\n5 -> 6, weight: 96\n5 -> 7, weight: 321\n5 -> 8, weight: 300\n5 -> 9, weight: 237\n5 -> 10, weight: 312\n6 -> 7, weight: 86\n6 -> 8, weight: 129\n6 -> 9, weight: 340\n6 -> 10, weight: 144\n6 -> 11, weight: 163\n7 -> 8, weight: 124\n7 -> 9, weight: 76\n7 -> 10, weight: 147\n7 -> 11, weight: 147\n7 -> 12, weight: 220\n8 -> 9, weight: 292\n8 -> 10, weight: 176\n8 -> 11, weight: 85\n8 -> 12, weight: 358\n8 -> 13, weight: 62\n9 -> 10, weight: 78\n9 -> 11, weight: 186\n9 -> 12, weight: 235\n9 -> 13, weight: 292\n9 -> 14, weight: 170\n10 -> 11, weight: 384\n10 -> 12, weight: 189\n10 -> 13, weight: 81\n10 -> 14, weight: 126\n10 -> 15, weight: 115\n11 -> 12, weight: 339\n11 -> 13, weight: 5\n11 -> 14, weight: 253\n11 -> 15, weight: 5\n11 -> 16, weight: 188\n12 -> 13, weight: 200\n12 -> 14, weight: 147\n12 -> 15, weight: 36\n12 -> 16, weight: 349\n12 -> 17, weight: 162\n13 -> 14, weight: 195\n13 -> 15, weight: 66\n13 -> 16, weight: 10\n13 -> 17, weight: 111\n13 -> 18, weight: 299\n14 -> 15, weight: 398\n14 -> 16, weight: 89\n14 -> 17, weight: 268\n14 -> 18, weight: 115\n14 -> 19, weight: 39\n15 -> 16, weight: 275\n15 -> 17, weight: 177\n15 -> 18, weight: 398\n15 -> 19, weight: 151\n15 -> 0, weight: 159\n16 -> 17, weight: 207\n16 -> 18, weight: 403\n16 -> 19, weight: 229\n16 -> 0, weight: 162\n16 -> 1, weight: 208\n17 -> 18, weight: 371\n17 -> 19, weight: 87\n17 -> 0, weight: 353\n17 -> 1, weight: 265\n17 -> 2, weight: 288\n18 -> 19, weight: 407\n18 -> 0, weight: 256\n18 -> 1, weight: 409\n18 -> 2, weight: 226\n18 -> 3, weight: 63\n19 -> 0, weight: 121\n19 -> 1, weight: 342\n19 -> 2, weight: 136\n19 -> 3, weight: 161\n19 -> 4, weight: 153\n\nFind the top 1 shortest path from node 0 to node 19.\n\nReturn your answer by calling the submit_paths function with:\n- paths: A list of paths, where each path is a list of node indices\n- weights: A list of corresponding path weights\n\nFor example, if the shortest path is [0, 2, 4] with weight 10, call:\nsubmit_paths(paths=[[0, 2, 4]], weights=[10])\n",
        "index": 0,
        "finish_reason": "length"
      },
      {
        "text": "Van governor is a device used for the control of:\nA. Speed of the engine\nB. Fuel supply\nC. Compression ratio\nD. Ignition timing\nE. None of these\nThe correct answer is A. Speed of the engine.\n\nVan governor is a device used for the control of speed of the engine. It is used to maintain a constant speed of the engine by adjusting the fuel supply or other parameters as needed. It works on the principle of centrifugal force, where the governor contains a set of weights that move outward as the speed increases, triggering a mechanism that adjusts the fuel supply or other parameters to maintain the desired speed. The other options (fuel supply, compression ratio, ignition timing) are controlled by different devices or systems in an engine, such as the fuel injection system, compression ratio is determined by the engine's design, and ignition timing is controlled by the ignition system. Therefore, the correct answer is A.\nAnswer: A. Speed of the engine. \n\nVan governor is a device used for the control of speed of the engine. It is used to maintain a constant speed of the engine by adjusting the fuel supply or other parameters as needed. It works on the principle of centrifugal force, where the governor contains a set of weights that move outward as the speed increases, triggering a mechanism that adjusts the fuel supply or other parameters to maintain the desired speed. The other options (fuel supply, compression ratio, ignition timing) are controlled by different devices or systems in an engine, such as the fuel injection system, compression ratio is determined by the engine's design, and ignition timing is controlled by the ignition system. Therefore, the correct answer is A. \n\nAnswer: A. Speed of the engine. \n\nVan governor is a device used for the control of speed of the engine. It is used to maintain a constant speed of the engine by adjusting the fuel supply or other parameters as needed. It works on the principle of centrifugal force, where the governor contains a set of weights that move outward as the speed increases, triggering a mechanism that adjusts the fuel supply or other parameters to maintain the desired speed. The other options (fuel supply, compression ratio, ignition timing) are controlled by different devices or systems in an engine, such as the fuel injection system, compression ratio is determined by the engine's design, and ignition timing is controlled by the ignition system. Therefore, the correct answer is A.\n\nAnswer: A. Speed of the engine. \n\nVan governor is a device used for the control of speed of the",
        "prompt": "Instruction: Create a text on sodium chloride (table salt) structured as a chemical safety data sheet. It should include four sections: 1) physical and chemical properties, in which you should describe the physical properties using exactly three adjectives, 2) potential hazards, 3) handling and storage procedures, and 4) first-aid measures. Ensure all the information provided is factual.\nQuestion: \nGeneration:",
        "index": 1,