{
  "batch_id": 12,
  "batch_size": 1,
  "scheduled_arrival_time": 116.70823005698357,
  "actual_send_time": 116.7105495929718,
  "request_duration": 328.114622592926,
  "completion_time": 444.82519698143005,
  "status_code": 200,
  "prompt_idxs": [
    197
  ],
  "response": {
    "choices": [
      {
        "text": "\u6570\u5b57\u5de5\u4f5c\u53f0\u7684\u67b6\u6784\u8bbe\u8ba1\u4e2d\uff0c\u5982\u4f55\u8bbe\u8ba1\u4e00\u4e2a\u96c6\u4e2d\u5f0f\u6743\u9650\u7ba1\u7406\u6a21\u5757\uff0c\u5b9e\u73b0\u5bf9\u591a\u7cfb\u7edf\u6743\u9650\u7684\u7edf\u4e00\u7ba1\u7406\uff0c\u5305\u62ec\u7cfb\u7edf\u6743\u9650\u3001\u89d2\u8272\u6743\u9650\u3001\u7528\u6237\u6743\u9650\u3001\u529f\u80fd\u6743\u9650\u7b49\uff0c\u540c\u65f6\u6ee1\u8db3\u591a\u79df\u6237\u548c\u9ad8\u5e76\u53d1\u573a\u666f\u4e0b\u7684\u6027\u80fd\u548c\u5b89\u5168\u6027\u8981\u6c42\uff1f\n\n\u5728\u8bbe\u8ba1\u4e00\u4e2a\u96c6\u4e2d\u5f0f\u6743\u9650\u7ba1\u7406\u6a21\u5757\u65f6\uff0c\u9700\u8981\u8003\u8651\u4ee5\u4e0b\u51e0\u4e2a\u5173\u952e\u70b9\uff1a\u6743\u9650\u6a21\u578b\u3001\u6570\u636e\u5b58\u50a8\u3001\u591a\u79df\u6237\u652f\u6301\u3001\u9ad8\u5e76\u53d1\u5904\u7406\u3001\u5b89\u5168\u6027\u3001\u96c6\u6210\u4e0e\u6269\u5c55\u6027\u7b49\u3002\u4ee5\u4e0b\u662f\u4e00\u4e2a\u8be6\u7ec6\u7684\u67b6\u6784\u8bbe\u8ba1\u601d\u8def\uff1a\n\n\u4e00\u3001\u6743\u9650\u6a21\u578b\u8bbe\u8ba1\n\n1. \u6743\u9650\u7c7b\u578b\u5206\u7c7b\n\u7cfb\u7edf\u6743\u9650\uff08System-level permissions\uff09\uff1a\u5982\u7cfb\u7edf\u7ba1\u7406\u3001\u6570\u636e\u8bbf\u95ee\u6743\u9650\u7b49\u3002\n\u89d2\u8272\u6743\u9650\uff08Role-level permissions\uff09\uff1a\u5982\u7ba1\u7406\u5458\u3001\u666e\u901a\u7528\u6237\u3001\u8bbf\u5ba2\u7b49\u3002\n\u7528\u6237\u6743\u9650\uff08User-level permissions\uff09\uff1a\u5982\u5177\u4f53\u7528\u6237\u5bf9\u7cfb\u7edf\u7684\u8bbf\u95ee\u6743\u9650\u3002\n\u529f\u80fd\u6743\u9650\uff08Function-level permissions\uff09\uff1a\u5982\u5bf9\u7279\u5b9a\u529f\u80fd\u6a21\u5757\u7684\u8bbf\u95ee\u6743\u9650\u3002\n\n2. \u6743\u9650\u7ee7\u627f\u5173\u7cfb\n\u53ef\u4ee5\u91c7\u7528\u6811\u5f62\u7ed3\u6784\u6216\u5c42\u7ea7\u7ed3\u6784\uff0c\u5b9e\u73b0\u6743\u9650\u7684\u7ee7\u627f\u3002\u4f8b\u5982\uff0c\u4e00\u4e2a\u89d2\u8272\u53ef\u4ee5\u7ee7\u627f\u591a\u4e2a\u5176\u4ed6\u89d2\u8272\u7684\u6743\u9650\uff0c\u7528\u6237\u53ef\u4ee5\u7ee7\u627f\u591a\u4e2a\u89d2\u8272\u7684\u6743\u9650\u3002\n\n3. \u6743\u9650\u7c92\u5ea6\n\u9700\u8981\u660e\u786e\u6743\u9650\u7684\u7c92\u5ea6\uff0c\u662f\u57fa\u4e8e\u529f\u80fd\u6a21\u5757\uff0c\u8fd8\u662f\u57fa\u4e8e\u64cd\u4f5c\uff08\u5982\u8bfb\u3001\u5199\u3001\u5220\u3001\u67e5\uff09\u3002\n\n\u4e8c\u3001\u6570\u636e\u5b58\u50a8\u8bbe\u8ba1\n\n1. \u6570\u636e\u5e93\u8bbe\u8ba1\n\u91c7\u7528\u5173\u7cfb\u578b\u6570\u636e\u5e93\uff08\u5982MySQL\u3001PostgreSQL\uff09\u6216NoSQL\u6570\u636e\u5e93\uff08\u5982MongoDB\uff09\u5b58\u50a8\u6743\u9650\u6570\u636e\u3002\u901a\u5e38\uff0c\u5173\u7cfb\u578b\u6570\u636e\u5e93\u66f4\u9002\u5408\u7ed3\u6784\u5316\u6570\u636e\uff0c\u800cNoSQL\u9002\u5408\u975e\u7ed3\u6784\u5316\u6570\u636e\u3002\n\u8bbe\u8ba1\u6743\u9650\u8868\uff0c\u5305\u62ec\u6743\u9650ID\u3001\u6743\u9650\u540d\u79f0\u3001\u6743\u9650\u7c7b\u578b\u3001\u6743\u9650\u63cf\u8ff0\u3001\u7236\u6743\u9650ID\u3001\u89d2\u8272ID\u3001\u7528\u6237ID\u7b49\u5b57\u6bb5\u3002\n\n2. \u591a\u79df\u6237\u652f\u6301\n\u5728\u6570\u636e\u5e93\u4e2d\uff0c\u9700\u8981\u8bbe\u8ba1\u591a\u79df\u6237\u652f\u6301\u7684\u7ed3\u6784\u3002\u4f8b\u5982\uff0c\u53ef\u4ee5\u4f7f\u7528\u79df\u6237ID\u5b57\u6bb5\uff0c\u5c06\u4e0d\u540c\u79df\u6237\u7684\u6570\u636e\u5206\u5f00\u5b58\u50a8\u3002\u6216\u8005\uff0c\u4f7f\u7528\u79df\u6237\u9694\u79bb\u7684\u6570\u636e\u5e93\u6216\u8868\u7ed3\u6784\u3002\n\n3. \u6743\u9650\u7f13\u5b58\n\u4e3a\u4e86\u63d0\u9ad8\u6027\u80fd\uff0c\u53ef\u4ee5\u5c06\u5e38\u7528\u6743\u9650\u4fe1\u606f\u7f13\u5b58\u5230\u5185\u5b58\u6570\u636e\u5e93\uff08\u5982Redis\uff09\u4e2d\uff0c\u4ee5\u51cf\u5c11\u6570\u636e\u5e93\u7684\u8bbf\u95ee\u538b\u529b\u3002\n\n\u4e09\u3001\u591a\u79df\u6237\u652f\u6301\u8bbe\u8ba1\n\n1. \u79df\u6237\u9694\u79bb\u673a\u5236\n- \u6570\u636e\u9694\u79bb\uff1a\u6bcf\u4e2a\u79df\u6237\u7684\u6570\u636e\u5b58\u50a8\u5728\u72ec\u7acb\u7684\u8868\u6216\u6570\u636e\u5e93\u4e2d\u3002\n- \u6743\u9650\u9694\u79bb\uff1a\u6bcf\u4e2a\u79df\u6237\u7684\u6743\u9650\u6570\u636e\u72ec\u7acb\uff0c\u4e0d\u5141\u8bb8\u8de8\u79df\u6237\u8bbf\u95ee\u3002\n- \u4f1a\u8bdd\u9694\u79bb\uff1a\u6bcf\u4e2a\u79df\u6237\u7684\u4f1a\u8bdd\u9700\u8981\u72ec\u7acb\u5904\u7406\uff0c\u907f\u514d\u6743\u9650\u6df7\u6dc6\u3002\n\n2. \u79df\u6237\u6807\u8bc6\n\u5728\u6743\u9650\u7cfb\u7edf\u4e2d",
        "prompt": "Instruction: The story of a movie has been described using many emojis. You need to guess the name of the movie based on the emojis.\nQuestion: \ud83e\uddd9\u200d\u2642\ufe0f\ud83d\udeaa\ud83d\udcda\ud83e\udd85\u26a1\nGeneration:",
        "index": 0,
        "finish_reason": "length"
      }
    ],
    "model": "mingqia2-3",
    "usage": {
      "prompt_tokens": 52,
      "completion_tokens": 42,
      "total_tokens": 94
    }
  },
  "error": null
}