{
  "batch_id": 43,
  "batch_size": 3,
  "scheduled_arrival_time": 565.6811017728108,
  "actual_send_time": 565.685854434967,
  "request_duration": 462.40935373306274,
  "completion_time": 1028.0952458381653,
  "status_code": 200,
  "prompt_idxs": [
    249,
    120,
    141
  ],
  "response": {
    "choices": [
      {
        "text": "The answer is A",
        "prompt": "The following is a multiple choice question (with answers) about  professional medicine.  Output the answer in the format of \"The answer is (X)\" at the end.\n\nQuestion: A 40-year-old woman comes to the physician because of a 6-month history of increased facial hair growth. Her last menstrual period was 4 months ago. She is 165 cm (5 ft 5 in) tall and weighs 70 kg (154 lb); BMI is 26 kg/m2 . Her pulse is 80/min, and blood pressure is 130/82 mm Hg. Physical examination shows temporal balding and coarse dark hair on the upper lip and chin. Pelvic examination shows clitoral enlargement. Her serum testosterone concentration is increased. Serum concentrations of androstenedione, dehydroepiandrosterone, and urinary 17-ketosteroids are within the reference ranges. Ultrasonography of the pelvis shows a 12-cm ovarian mass. Which of the following best describes this mass?\n Options:\nA. Granulosa tumor\nB. Ovarian carcinoid\nC. Sertoli-Leydig tumor\nD. Teratoma\nAnswer:",
        "index": 0,
        "finish_reason": "length"
      },
      {
        "text": "\u6570\u5b57\"0\"\u5728\u6570\u5b57\u4e2d\u5360\u636e\u91cd\u8981\u5730\u4f4d\uff0c\u5b83\u65e2\u662f\u8ba1\u6570\u5355\u4f4d\uff0c\u53c8\u662f\u6570\u5b57\u5355\u4f4d\uff0c\u8fd8\u662f\u6570\u5b66\u4e2d\u7684\u4e00\u4e2a\u57fa\u672c\u7b26\u53f7\uff0c\u8fd8\u6709\u5176\u4ed6\u610f\u4e49\u5417\uff1f\n\n\u201c0\u201d\u5728\u6570\u5b66\u4e2d\u786e\u5b9e\u662f\u4e00\u4e2a\u975e\u5e38\u91cd\u8981\u7684\u6570\u5b57\uff0c\u5b83\u7684\u610f\u4e49\u548c\u7528\u6cd5\u8fdc\u8fdc\u8d85\u51fa\u4e86\u7b80\u5355\u7684\u201c\u6ca1\u6709\u201d\u6216\u201c\u7a7a\u4f4d\u201d\u8fd9\u4e2a\u6982\u5ff5\u3002\u4ee5\u4e0b\u662f\u4e00\u4e9b\u5173\u4e8e\u201c0\u201d\u5728\u6570\u5b66\u4e2d\u7684\u5176\u4ed6\u91cd\u8981\u610f\u4e49\u548c\u7528\u9014\uff1a\n\n1. **\u6570\u4f4d\u7684\u5360\u4f4d\u7b26**\uff1a\u5728\u5341\u8fdb\u5236\u7cfb\u7edf\u4e2d\uff0c0\u4f5c\u4e3a\u6570\u5b57\u7684\u5360\u4f4d\u7b26\uff0c\u5e2e\u52a9\u6211\u4eec\u533a\u5206\u4e0d\u540c\u7684\u6570\u4f4d\u3002\u4f8b\u5982\uff0c\u6570\u5b57\u201c10\u201d\u4e2d\u76840\u8868\u793a\u5341\u4f4d\u4e0a\u76840\uff0c\u800c\u201c100\u201d\u4e2d\u76840\u8868\u793a\u767e\u4f4d\u4e0a\u76840\u3002\u6ca1\u67090\uff0c\u6211\u4eec\u53ef\u80fd\u65e0\u6cd5\u6b63\u786e\u8868\u793a\u66f4\u5927\u7684\u6570\u5b57\u3002\n\n2. **\u52a0\u6cd5\u548c\u51cf\u6cd5\u7684\u4e2d\u6027\u5143\u7d20**\uff1a\u5728\u52a0\u6cd5\u4e2d\uff0c0\u662f\u4e2d\u6027\u5143\u7d20\uff0c\u4efb\u4f55\u6570\u52a0\u4e0a0\u90fd\u7b49\u4e8e\u5176\u672c\u8eab\u3002\u5728\u51cf\u6cd5\u4e2d\uff0c0\u662f\u51cf\u6570\uff0c\u4efb\u4f55\u6570\u51cf\u53bb0\u90fd\u7b49\u4e8e\u5176\u672c\u8eab\u3002\n\n3. **\u4e58\u6cd5\u7684\u4e2d\u6027\u5143\u7d20**\uff1a\u5728\u4e58\u6cd5\u4e2d\uff0c0\u4e5f\u662f\u4e00\u4e2a\u4e2d\u6027\u5143\u7d20\uff0c\u4efb\u4f55\u6570\u4e58\u4ee50\u90fd\u7b49\u4e8e0\u3002\u8fd9\u4e00\u70b9\u5728\u6570\u5b66\u4e2d\u6709\u7740\u5e7f\u6cdb\u7684\u5e94\u7528\u3002\n\n4. **\u9664\u6cd5\u7684\u7279\u6b8a\u6027**\uff1a\u5728\u9664\u6cd5\u4e2d\uff0c0\u6709\u4e00\u4e2a\u7279\u6b8a\u7684\u89c4\u5219\uff0c\u5373\u4efb\u4f55\u975e\u96f6\u6570\u9664\u4ee50\u90fd\u662f\u672a\u5b9a\u4e49\u7684\uff0c\u800c0\u9664\u4ee5\u4efb\u4f55\u975e\u96f6\u6570\u90fd\u662f0\u3002\n\n5. **\u6570\u7684\u8868\u793a**\uff1a0\u53ef\u4ee5\u7528\u4e8e\u8868\u793a\u6570\u7684\u8303\u56f4\uff0c\u4f8b\u5982\u5728\u533a\u95f4[0,1]\u4e2d\u8868\u793a\u4ece0\u52301\u7684\u6240\u6709\u5b9e\u6570\u3002\n\n6. **\u6570\u5b66\u4e2d\u7684\u5176\u4ed6\u7528\u9014**\uff1a\u5728\u6570\u5b66\u4e2d\uff0c0\u8fd8\u88ab\u7528\u4e8e\u8868\u793a\u7a7a\u96c6\u3001\u96f6\u5411\u91cf\u3001\u96f6\u77e9\u9635\u7b49\u6982\u5ff5\u3002\u6b64\u5916\uff0c0\u5728\u6570\u5b66\u4e2d\u8fd8\u88ab\u7528\u4e8e\u8868\u793a\u67d0\u4e9b\u51fd\u6570\u7684\u96f6\u70b9\uff0c\u5373\u51fd\u6570\u503c\u4e3a0\u7684\u70b9\u3002\n\n7. **\u8ba1\u7b97\u673a\u79d1\u5b66\u4e2d\u76840**\uff1a\u5728\u8ba1\u7b97\u673a\u79d1\u5b66\u4e2d\uff0c0\u901a\u5e38\u8868\u793a\u5e03\u5c14\u503c\u7684\u201c\u5047\u201d\uff0c\u800c1\u8868\u793a\u201c\u771f\u201d\u3002\u6b64\u5916\uff0c0\u5728\u8ba1\u7b97\u673a\u4e2d\u8fd8\u88ab\u7528\u6765\u8868\u793a\u5404\u79cd\u4e0d\u540c\u7684\u72b6\u6001\u3002\n\n8. **\u7269\u7406\u4e2d\u76840**\uff1a\u5728\u7269\u7406\u4e2d\uff0c0\u53ef\u4ee5\u8868\u793a\u7edd\u5bf9\u96f6\u5ea6\uff0c\u8fd9\u662f\u6e29\u5ea6\u7684\u6700\u4f4e\u53ef\u80fd\u503c\u3002\n\n9. **\u6570\u5b66\u4e2d\u76840\u70b9**\uff1a\u5728\u6570\u5b66\u4e2d\uff0c0\u70b9\u53ef\u4ee5\u8868\u793a\u5750\u6807\u7cfb\u4e2d\u7684\u539f\u70b9\uff0c\u662f\u6240\u6709\u5750\u6807\u8f74\u7684\u4ea4\u70b9\u3002\n\n10. **\u6570\u5b66\u4e2d\u7684\u96f6\u70b9**\uff1a\u5728\u6570\u5b66\u4e2d\uff0c\u96f6\u70b9\u6307\u7684\u662f\u51fd\u6570\u503c\u4e3a0\u7684\u70b9\uff0c\u662f\u6570\u5b66\u4e2d\u975e\u5e38\u91cd\u8981\u7684\u6982\u5ff5\u3002\n\n\u7efc\u4e0a",
        "prompt": "Instruction: Currently, there is a chat in which people are arranging a meeting in the future. Retrieve the meeting information from the conversation.\nQuestion: Person 1: Hey, when are you free? I'd like to meet up.\nPerson 2: I'm free tomorrow afternoon.\nPerson 1: Great, what time?\nPerson 2: How about 3 pm?\nPerson 1: I have another meeting at that time. what about 5 pm?\nPerson 2: That works. Where should we meet?\nPerson 1: How about the coffee shop on Main Street?\nPerson 2: Sounds good. I've heard they have great coffee there. See you tomorrow!\nGeneration:",
        "index": 1,