{
  "batch_id": 59,
  "batch_size": 4,
  "scheduled_arrival_time": 757.1720522195943,
  "actual_send_time": 757.1754305362701,
  "request_duration": 549.545068025589,
  "completion_time": 1306.7205262184143,
  "status_code": 200,
  "prompt_idxs": [
    11,
    198,
    222,
    133
  ],
  "response": {
    "choices": [
      {
        "text": "submit_paths(paths=[[8]], weights=[0])",
        "prompt": "You are given a directed graph with 9 nodes (numbered 0 to 8) and the following edges:\n\nEdges (source -> target, weight):\n0 -> 1, weight: 520\n0 -> 2, weight: 602\n0 -> 3, weight: 361\n1 -> 2, weight: 649\n1 -> 3, weight: 442\n1 -> 4, weight: 186\n2 -> 3, weight: 119\n2 -> 4, weight: 455\n2 -> 5, weight: 389\n3 -> 4, weight: 599\n3 -> 5, weight: 367\n3 -> 6, weight: 738\n4 -> 5, weight: 70\n4 -> 6, weight: 622\n4 -> 7, weight: 580\n5 -> 6, weight: 734\n5 -> 7, weight: 262\n5 -> 8, weight: 439\n6 -> 7, weight: 393\n6 -> 8, weight: 75\n6 -> 0, weight: 313\n7 -> 8, weight: 248\n7 -> 0, weight: 129\n7 -> 1, weight: 19\n8 -> 0, weight: 694\n8 -> 1, weight: 28\n8 -> 2, weight: 74\n\nFind the top 1 shortest path from node 0 to node 8.\n\nReturn your answer by calling the submit_paths function with:\n- paths: A list of paths, where each path is a list of node indices\n- weights: A list of corresponding path weights\n\nFor example, if the shortest path is [0, 2, 4] with weight 10, call:\nsubmit_paths(paths=[[0, 2, 4]], weights=[10])\n",
        "index": 0,
        "finish_reason": "length"
      },
      {
        "text": "\u6b64\u65f6\u67e5\u8be2\u51fa\u6765\u7684\u6570\u636e\u662f\u5426\u662f\u5f53\u524d\u6700\u65b0\u7684\uff1f\u6bd4\u5982\uff0c\u7528\u6237\u7684\u4f59\u989d\u662f1000\uff0c\u6211\u6267\u884c\u4e86UPDATE\u64cd\u4f5c\uff0c\u7136\u540e\u67e5\u8be2\u51fa\u6765\u7684\u6570\u636e\u662f1000\uff0c\u4f46\u662f\u5b9e\u9645\u4e0a\u5728\u6570\u636e\u5e93\u4e2d\u53ef\u80fd\u8fd9\u4e2a\u4f59\u989d\u5df2\u7ecf\u88ab\u4fee\u6539\u4e3a\u5176\u4ed6\u6570\u503c\u4e86\uff0c\u6bd4\u59821001\uff0c\u90a3\u4f1a\u4e0d\u4f1a\u51fa\u73b0\u67e5\u8be2\u7ed3\u679c\u4e0d\u4e00\u81f4\u7684\u60c5\u51b5\uff1f\n\u662f\u7684\uff0c\u8fd9\u79cd\u60c5\u51b5\u5728\u5e76\u53d1\u73af\u5883\u4e0b\u662f\u6709\u53ef\u80fd\u53d1\u751f\u7684\uff0c\u79f0\u4e3a**\u810f\u8bfb\uff08Dirty Read\uff09**\u6216**\u6570\u636e\u4e0d\u4e00\u81f4**\u3002\u5177\u4f53\u6765\u8bf4\uff0c\u5f53\u4f60\u6267\u884c\u4e86\u4e00\u4e2a `UPDATE` \u64cd\u4f5c\u540e\uff0c\u7d27\u63a5\u7740\u6267\u884c\u4e86\u4e00\u4e2a `SELECT` \u67e5\u8be2\uff0c\u5982\u679c\u8fd9\u4e24\u4e2a\u64cd\u4f5c\u4e4b\u95f4\u6709\u5176\u4ed6\u4e8b\u52a1\u7684\u4fee\u6539\uff0c\u800c\u4f60\u7684\u67e5\u8be2\u6ca1\u6709\u6b63\u786e\u5904\u7406\u5e76\u53d1\u63a7\u5236\uff0c\u5c31\u53ef\u80fd\u5bfc\u81f4\u67e5\u8be2\u7ed3\u679c\u4e0e\u6570\u636e\u5e93\u4e2d\u7684\u5b9e\u9645\u6570\u636e\u4e0d\u4e00\u81f4\u3002\n\n### \u95ee\u9898\u5206\u6790\n\n\u4f60\u63d0\u5230\u7684\u60c5\u51b5\u662f\u8fd9\u6837\u7684\uff1a\n- \u7528\u6237\u4f59\u989d\u662f1000\u3002\n- \u6267\u884c `UPDATE` \u64cd\u4f5c\uff08\u6bd4\u5982\u5c06\u4f59\u989d\u4fee\u6539\u4e3a1001\uff09\u3002\n- \u7d27\u63a5\u7740\u6267\u884c `SELECT` \u67e5\u8be2\uff0c\u7ed3\u679c\u663e\u793a\u8fd8\u662f1000\u3002\n- \u4f46\u6570\u636e\u5e93\u4e2d\u7684\u5b9e\u9645\u4f59\u989d\u5df2\u7ecf\u88ab\u4fee\u6539\u4e3a1001\u3002\n\n\u8fd9\u79cd\u60c5\u51b5\u53ef\u80fd\u662f\u7531\u4e8e\u4ee5\u4e0b\u539f\u56e0\u5bfc\u81f4\u7684\uff1a\n\n---\n\n## 1. **\u4e8b\u52a1\u9694\u79bb\u7ea7\u522b\u4e0d\u8db3\uff08\u5982\u8bfb\u672a\u63d0\u4ea4\uff09**\n\n\u5982\u679c\u6570\u636e\u5e93\u7684\u9694\u79bb\u7ea7\u522b\u662f **\u8bfb\u672a\u63d0\u4ea4\uff08Read Uncommitted\uff09**\uff0c\u90a3\u4e48\u4e00\u4e2a\u4e8b\u52a1\u8bfb\u53d6\u7684\u6570\u636e\u53ef\u80fd\u5305\u542b\u5176\u4ed6\u4e8b\u52a1\u672a\u63d0\u4ea4\u7684\u4fee\u6539\u3002\u4e5f\u5c31\u662f\u8bf4\uff0c\u4f60\u53ef\u80fd\u8bfb\u5230\u4e86\u4e00\u4e2a\u672a\u63d0\u4ea4\u7684\u3001\u4f46\u5df2\u7ecf\u88ab\u4fee\u6539\u7684\u4f59\u989d\uff0c\u4f46\u8be5\u4fee\u6539\u5c1a\u672a\u88ab\u63d0\u4ea4\u3002\n\n\u4f8b\u5982\uff1a\n\n- \u4e8b\u52a1 A \u6267\u884c `UPDATE` \u5c06\u4f59\u989d\u4fee\u6539\u4e3a 1001\uff0c\u4f46\u8fd8\u672a\u63d0\u4ea4\u3002\n- \u4e8b\u52a1 B \u6267\u884c `SELECT` \u67e5\u8be2\uff0c\u8bfb\u5230\u4e86 1001\u3002\n- \u4e8b\u52a1 A \u63d0\u4ea4\u540e\uff0c\u4e8b\u52a1 B \u6240\u8bfb\u5230\u7684\u6570\u636e\u662f\u6b63\u786e\u7684\u3002\n\n\u4f46\u5982\u679c\u4f60\u5728\u4e8b\u52a1 A \u6267\u884c `UPDATE` \u540e\uff0c**\u7acb\u523b\u6267\u884c `SELECT`**\uff0c\u5e76\u4e14\u4e8b\u52a1 A \u8fd8\u6ca1\u6709\u63d0\u4ea4\uff0c\u90a3\u4e48\u4e8b\u52a1 B \u7684 `SELECT` \u4f1a\u8bfb\u5230\u4e8b\u52a1 A \u7684\u672a\u63d0\u4ea4\u6570\u636e\uff0c\u8fd9\u53ef\u80fd\u5c31\u662f\u4f60\u6240\u770b\u5230\u7684\u201c\u6570\u636e\u4e0d\u4e00\u81f4\u201d\u3002\n\n---\n\n## 2. **\u4e8b\u52a1\u672a\u63d0\u4ea4\uff0c\u4f46\u4f60\u53c8\u8bfb\u4e86\u66f4\u65b0\u540e\u7684\u503c**\n\n\u5982\u679c\u4f60\u6267\u884c\u4e86 `UPDATE`\uff0c\u4f46\u662f\u6ca1\u6709\u63d0\u4ea4\uff0c\u7136\u540e\u5728\u540c\u4e00\u4e2a\u4e8b\u52a1\u4e2d\u6267\u884c `SELECT`\uff0c\u8fd9\u65f6\u5019\u4f60\u770b\u5230\u7684\u53ef\u80fd\u662f **\u4e8b\u52a1\u5185\u7684\u4e2d\u95f4\u72b6\u6001**\uff0c\u800c\u4e0d\u662f\u6700\u7ec8\u7684\u63d0\u4ea4\u503c\u3002\n\n\u4f8b\u5982\uff1a\n\n```sql\nSTART TRANSACTION;\nUPDATE balance SET value = 1001 WHERE user_id = 1; -- \u672a\u63d0\u4ea4\nSELECT * FROM balance",
        "prompt": "Instruction: You can easily make your holidays more eco-friendly by following these simple steps:\nQuestion: \nGeneration:",
        "index": 1,
        "finish_reason": "length"
      },
      {
        "text": "The answer is A",
        "prompt": "The following is a multiple choice question (with answers) about  professional medicine.  Output the answer in the format of \"The answer is (X)\" at the end.\n\nQuestion: A 35-year-old male presents to the office for the result of an HIV test, and he is informed that the result is positive. The patient resists disclosure to his wife because he has not told her about his extramarital sexual partners. The physician informs the patient that his wife's right to know is paramount because she could also be HIV positive. Which of the following relationships best describes the rationale for the physician's recommendation that the patient inform his wife of his condition rather than withhold this information?\n Options:\nA. autonomy overrides beneficence\nB. autonomy overrides justice\nC. beneficence overrides autonomy\nD. nonmaleficence overrides autonomy\nAnswer:",
        "index": 2,