{
  "batch_id": 85,
  "batch_size": 4,
  "scheduled_arrival_time": 1024.9753068416169,
  "actual_send_time": 1024.9807043075562,
  "request_duration": 544.7776701450348,
  "completion_time": 1569.7583994865417,
  "status_code": 200,
  "prompt_idxs": [
    106,
    285,
    64,
    119
  ],
  "response": {
    "choices": [
      {
        "text": "\u6570\u5b57\u4e00\u4e2a\u6570\u7684\u4f4d\u6570\u662f\u8be5\u6570\u7684\u5404\u4e2a\u6570\u5b57\u4e4b\u548c\uff0c\u6bd4\u5982123\u7684\u4f4d\u6570\u662f1+2+3=6\uff0c\u800c122\u7684\u4f4d\u6570\u662f1+2+2=5\u3002\u8fd9\u4e2a\u5b9a\u4e49\u662f\u5426\u6b63\u786e\uff1f \u6216\u8005\u662f\u4e0d\u662f\u53cd\u8fc7\u6765\uff1f\n\n\u60a8\u63d0\u5230\u7684\u201c\u6570\u5b57\u4e00\u4e2a\u6570\u7684\u4f4d\u6570\u662f\u8be5\u6570\u7684\u5404\u4e2a\u6570\u5b57\u4e4b\u548c\u201d\u8fd9\u4e2a\u5b9a\u4e49\u4f3c\u4e4e\u6709\u4e9b\u6df7\u6dc6\u4e86\u201c\u4f4d\u6570\u201d\u548c\u201c\u6570\u5b57\u4e4b\u548c\u201d\u8fd9\u4e24\u4e2a\u6982\u5ff5\u3002\u8ba9\u6211\u4eec\u6765\u6f84\u6e05\u4e00\u4e0b\uff1a\n\n1. **\u4f4d\u6570\uff08Number of Digits\uff09**\uff1a\u4e00\u4e2a\u6570\u7684\u4f4d\u6570\u662f\u6307\u8fd9\u4e2a\u6570\u7531\u591a\u5c11\u4e2a\u6570\u5b57\u7ec4\u6210\u3002\u4f8b\u5982\uff0c\u6570\u5b57123\u67093\u4f4d\uff0c\u6570\u5b57122\u4e5f\u67093\u4f4d\u3002\n\n2. **\u6570\u5b57\u4e4b\u548c\uff08Sum of Digits\uff09**\uff1a\u4e00\u4e2a\u6570\u7684\u6570\u5b57\u4e4b\u548c\u662f\u6307\u8fd9\u4e2a\u6570\u7684\u6240\u6709\u6570\u5b57\u76f8\u52a0\u7684\u7ed3\u679c\u3002\u4f8b\u5982\uff0c\u6570\u5b57123\u7684\u6570\u5b57\u4e4b\u548c\u662f1 + 2 + 3 = 6\uff0c\u6570\u5b57122\u7684\u6570\u5b57\u4e4b\u548c\u662f1 + 2 + 2 = 5\u3002\n\n\u56e0\u6b64\uff0c\u60a8\u63d0\u5230\u7684\u201c\u6570\u5b57\u4e00\u4e2a\u6570\u7684\u4f4d\u6570\u662f\u8be5\u6570\u7684\u5404\u4e2a\u6570\u5b57\u4e4b\u548c\u201d\u8fd9\u4e2a\u5b9a\u4e49\u662f\u4e0d\u6b63\u786e\u7684\u3002\u6b63\u786e\u7684\u8bf4\u6cd5\u5e94\u8be5\u662f\uff1a\n\n- \u4f4d\u6570\u662f\u6570\u5b57\u7684\u4e2a\u6570\u3002\n- \u6570\u5b57\u4e4b\u548c\u662f\u5404\u4e2a\u6570\u5b57\u76f8\u52a0\u7684\u7ed3\u679c\u3002\n\n\u6240\u4ee5\uff0c\u60a8\u53ef\u80fd\u6df7\u6dc6\u4e86\u8fd9\u4e24\u4e2a\u6982\u5ff5\u3002\u4f8b\u5982\uff0c\u6570\u5b57123\u7684\u4f4d\u6570\u662f3\uff0c\u800c\u5b83\u7684\u6570\u5b57\u4e4b\u548c\u662f6\u3002\u4e24\u8005\u662f\u4e0d\u540c\u7684\u6982\u5ff5\u3002\u5e0c\u671b\u8fd9\u4e2a\u89e3\u91ca\u80fd\u5e2e\u52a9\u60a8\u7406\u6e05\u6982\u5ff5\u3002\u5982\u679c\u60a8\u6709\u5176\u4ed6\u95ee\u9898\uff0c\u6b22\u8fce\u7ee7\u7eed\u63d0\u95ee\uff01\n```python\n# \u793a\u4f8b\u4ee3\u7801\u8ba1\u7b97\u6570\u5b57\u7684\u4f4d\u6570\u548c\u6570\u5b57\u4e4b\u548c\ndef digit_count_and_sum(n):\n    # \u8ba1\u7b97\u4f4d\u6570\n    digit_count = len(str(n))\n    # \u8ba1\u7b97\u6570\u5b57\u4e4b\u548c\n    digit_sum = sum(int(d) for d in str(n))\n    return digit_count, digit_sum\n\n# \u6d4b\u8bd5\nn = 123\ncount, sum_digits = digit_count_and_sum(n)\nprint(f\"\u6570\u5b57 {n} \u7684\u4f4d\u6570\u662f {count}\uff0c\u6570\u5b57\u4e4b\u548c\u662f {sum_digits}\")\n```\n\n\u8fd9\u6bb5\u4ee3\u7801\u5c06\u8ba1\u7b97\u4e00\u4e2a\u6570\u5b57\u7684\u4f4d\u6570\u548c\u6570\u5b57\u4e4b\u548c\uff0c\u5e76\u8f93\u51fa\u7ed3\u679c\u3002\u901a\u8fc7\u8fd9\u6837\u7684\u65b9\u5f0f\uff0c\u60a8\u53ef\u4ee5\u6e05\u695a\u5730\u770b\u5230\u4f4d\u6570\u548c\u6570\u5b57\u4e4b\u548c\u7684\u533a\u522b\u3002\u5982\u679c\u60a8\u6709\u5176\u4ed6\u95ee\u9898\uff0c\u6b22\u8fce\u7ee7\u7eed\u63d0\u95ee\uff01\n```python\n# \u793a\u4f8b\u4ee3\u7801\u8ba1\u7b97\u6570\u5b57\u7684\u4f4d\u6570\u548c\u6570\u5b57\u4e4b\u548c\ndef digit_count_and_sum(n):\n    # \u8ba1\u7b97\u4f4d",
        "prompt": "Instruction: As part of software engineering, user stories describe what the user wants the system to do, while acceptance criteria describe the conditions a specific user story must meet. Create basic acceptance criteria based on the given user story.\nQuestion: User story: As a user, I want to use a search field to type a city, name, or street, so that I could find matching hotel options.\nGeneration:",
        "index": 0,
        "finish_reason": "length"
      },
      {
        "text": "The answer is A",
        "prompt": "The following is a multiple choice question (with answers) about  professional medicine.  Output the answer in the format of \"The answer is (X)\" at the end.\n\nQuestion: A male stillborn is delivered at 32 weeks' gestation to a 30-year-old woman. The pregnancy was complicated by oligohydramnios. Examination of the stillborn shows the absence of a urethral opening. Which of the following additional findings is most likely in this stillborn?\n Options:\nA. Congenital diaphragmatic hernia\nB. Intralobar sequestration\nC. Pulmonary hypoplasia\nD. Situs inversus\nAnswer:",
        "index": 1,
        "finish_reason": "length"
      },
      {
        "text": "submit_paths(paths=[[9]], weights=[0])",
        "prompt": "You are given a directed graph with 10 nodes (numbered 0 to 9) and the following edges:\n\nEdges (source -> target, weight):\n0 -> 1, weight: 439\n0 -> 2, weight: 235\n0 -> 3, weight: 324\n0 -> 4, weight: 134\n0 -> 5, weight: 234\n0 -> 6, weight: 284\n0 -> 7, weight: 154\n0 -> 8, weight: 39\n1 -> 2, weight: 104\n1 -> 3, weight: 528\n1 -> 4, weight: 269\n1 -> 5, weight: 157\n1 -> 6, weight: 196\n1 -> 7, weight: 500\n1 -> 8, weight: 576\n1 -> 9, weight: 446\n2 -> 3, weight: 352\n2 -> 4, weight: 433\n2 -> 5, weight: 71\n2 -> 6, weight: 205\n2 -> 7, weight: 398\n2 -> 8, weight: 451\n2 -> 9, weight: 195\n2 -> 0, weight: 110\n3 -> 4, weight: 434\n3 -> 5, weight: 344\n3 -> 6, weight: 554\n3 -> 7, weight: 142\n3 -> 8, weight: 394\n3 -> 9, weight: 216\n3 -> 0, weight: 524\n3 -> 1, weight: 591\n4 -> 5, weight: 570\n4 -> 6, weight: 213\n4 -> 7, weight: 548\n4 -> 8, weight: 90\n4 -> 9, weight: 180\n4 -> 0, weight: 166\n4 -> 1, weight: 479\n4 -> 2, weight: 132\n5 -> 6, weight: 562\n5 -> 7, weight: 125\n5 -> 8, weight: 320\n5 -> 9, weight: 125\n5 -> 0, weight: 518\n5 -> 1, weight: 271\n5 -> 2, weight: 542\n5 -> 3, weight: 320\n6 -> 7, weight: 205\n6 -> 8, weight: 445\n6 -> 9, weight: 451\n6 -> 0, weight: 243\n6 -> 1, weight: 516\n6 -> 2, weight: 500\n6 -> 3, weight: 592\n6 -> 4, weight: 459\n7 -> 8, weight: 529\n7 -> 9, weight: 374\n7 -> 0, weight: 241\n7 -> 1, weight: 123\n7 -> 2, weight: 587\n7 -> 3, weight: 285\n7 -> 4, weight: 517\n7 -> 5, weight: 367\n8 -> 9, weight: 359\n8 -> 0, weight: 86\n8 -> 1, weight: 476\n8 -> 2, weight: 518\n8 -> 3, weight: 471\n8 -> 4, weight: 338\n8 -> 5, weight: 119\n8 -> 6, weight: 47\n9 -> 0, weight: 125\n9 -> 1, weight: 215\n9 -> 2, weight: 466\n9 -> 3, weight: 195\n9 -> 4, weight: 413\n9 -> 5, weight: 19\n9 -> 6, weight: 572\n9 -> 7, weight: 446\n\nFind the top 1 shortest path from node 0 to node 9.\n\nReturn your answer by calling the submit_paths function with:\n- paths: A list of paths, where each path is a list of node indices\n- weights: A list of corresponding path weights\n\nFor example, if the shortest path is [0, 2, 4] with weight 10, call:\nsubmit_paths(paths=[[0, 2, 4]], weights=[10])\n",
        "index": 2,