{
  "batch_id": 74,
  "batch_size": 2,
  "scheduled_arrival_time": 870.1442429933494,
  "actual_send_time": 870.1470510959625,
  "request_duration": 547.4384205341339,
  "completion_time": 1417.585491657257,
  "status_code": 200,
  "prompt_idxs": [
    69,
    138
  ],
  "response": {
    "choices": [
      {
        "text": "submit_paths(paths=[[5]], weights=[0])",
        "prompt": "You are given a directed graph with 6 nodes (numbered 0 to 5) and the following edges:\n\nEdges (source -> target, weight):\n0 -> 1, weight: 148\n0 -> 2, weight: 166\n1 -> 2, weight: 180\n1 -> 3, weight: 177\n2 -> 3, weight: 103\n2 -> 4, weight: 90\n3 -> 4, weight: 1\n3 -> 5, weight: 36\n4 -> 5, weight: 149\n4 -> 0, weight: 99\n5 -> 0, weight: 181\n5 -> 1, weight: 57\n\nFind the top 1 shortest path from node 0 to node 5.\n\nReturn your answer by calling the submit_paths function with:\n- paths: A list of paths, where each path is a list of node indices\n- weights: A list of corresponding path weights\n\nFor example, if the shortest path is [0, 2, 4] with weight 10, call:\nsubmit_paths(paths=[[0, 2, 4]], weights=[10])\n",
        "index": 0,
        "finish_reason": "length"
      },
      {
        "text": "\u05ea\u51fd\u6570 $ f(x) $ \u5728 $ x=1 $ \u5904\u7684\u5bfc\u6570\u4e3a 3\uff0c\u4e14 $ f(1) = 5 $\u3002\u6c42 $ f(x) $ \u5728 $ x=1 $ \u5904\u7684\u5207\u7ebf\u65b9\u7a0b\u3002  \u7b49\u7b49\u3002 \n\n\u597d\u7684\uff0c\u6211\u73b0\u5728\u8981\u89e3\u51b3\u7684\u95ee\u9898\u662f\uff1a\u5df2\u77e5\u51fd\u6570 $ f(x) $ \u5728 $ x=1 $ \u5904\u7684\u5bfc\u6570\u662f 3\uff0c\u4e14 $ f(1) = 5 $\uff0c\u6c42\u51fd\u6570 $ f(x) $ \u5728 $ x=1 $ \u5904\u7684\u5207\u7ebf\u65b9\u7a0b\u3002\u9996\u5148\uff0c\u6211\u9700\u8981\u56de\u5fc6\u4e00\u4e0b\u5173\u4e8e\u5207\u7ebf\u65b9\u7a0b\u7684\u57fa\u672c\u77e5\u8bc6\u3002\n\n\u9996\u5148\uff0c\u6211\u8bb0\u5f97\u5207\u7ebf\u65b9\u7a0b\u7684\u4e00\u822c\u5f62\u5f0f\u662f\u70b9\u659c\u5f0f\uff0c\u4e5f\u5c31\u662f $ y = kx + b $\uff0c\u5176\u4e2d $ k $ \u662f\u5207\u7ebf\u7684\u659c\u7387\uff0c\u4e5f\u5c31\u662f\u5bfc\u6570\u7684\u503c\uff0c\u800c $ b $ \u662f\u622a\u8ddd\u3002\u4e0d\u8fc7\uff0c\u8fd9\u91cc\u53ef\u80fd\u66f4\u51c6\u786e\u7684\u662f\uff0c\u5207\u7ebf\u65b9\u7a0b\u5e94\u8be5\u7528\u70b9\u659c\u5f0f\uff0c\u5373 $ y - y_1 = k(x - x_1) $\uff0c\u5176\u4e2d $ (x_1, y_1) $ \u662f\u5207\u70b9\uff0c\u8fd9\u91cc\u7684\u5207\u70b9\u5c31\u662f $ x=1 $ \u5904\u7684\u70b9\uff0c\u6240\u4ee5 $ x_1 = 1 $\uff0c\u800c $ y_1 = f(1) = 5 $\u3002\u6240\u4ee5\uff0ck \u5c31\u662f\u5bfc\u6570\u7684\u503c\uff0c\u4e5f\u5c31\u662f 3\u3002\u8fd9\u6837\u7684\u8bdd\uff0c\u5207\u7ebf\u65b9\u7a0b\u5e94\u8be5\u662f $ y - 5 = 3(x - 1) $\u3002\u7136\u540e\u53ef\u80fd\u9700\u8981\u5316\u7b80\u6210\u659c\u622a\u5f0f\uff0c\u5373 $ y = 3x - 3 + 5 $\uff0c\u4e5f\u5c31\u662f $ y = 3x + 2 $\u3002\u4e0d\u8fc7\uff0c\u6211\u9700\u8981\u786e\u8ba4\u8fd9\u4e2a\u8fc7\u7a0b\u662f\u5426\u6b63\u786e\uff0c\u6709\u6ca1\u6709\u54ea\u91cc\u51fa\u9519\u4e86\u3002\n\n\u8ba9\u6211\u518d\u4ed4\u7ec6\u68c0\u67e5\u4e00\u904d\u3002\u9996\u5148\uff0c\u5207\u7ebf\u65b9\u7a0b\u7684\u70b9\u659c\u5f0f\u662f\u6b63\u786e\u7684\uff0c\u5bf9\u5427\uff1f\u662f\u7684\uff0c\u70b9\u659c\u5f0f\u662f $ y - y_1 = k(x - x_1) $\uff0c\u8fd9\u91cc $ (x_1, y_1) $ \u662f\u5207\u70b9\uff0c\u4e5f\u5c31\u662f $ (1, 5) $\uff0c\u800c\u659c\u7387 $ k $ \u662f\u5bfc\u6570\u5728\u8be5\u70b9\u7684\u503c\uff0c\u5373 3\u3002\u6240\u4ee5\u4ee3\u5165\u8fdb\u53bb\u7684\u8bdd\uff0c\u786e\u5b9e\u662f $ y - 5 = 3(x - 1) $\u3002\u63a5\u4e0b\u6765\uff0c\u5316\u7b80\u8fd9\u4e2a\u65b9\u7a0b\uff0c\u5e94\u8be5\u662f\u6b63\u786e\u7684\u3002\u5c55\u5f00\u53f3\u8fb9\u7684\u8bdd\uff0c\u662f $ 3x - 3 $\uff0c\u6240\u4ee5\u5de6\u8fb9\u52a0\u4e0a5\uff0c\u5f97\u5230 $ y =",
        "prompt": "Instruction: You are given an algorithm or a search query about coding. Look for a code snippet related to the search query.\nQuestion: Python loop\nGeneration:",
        "index": 1,
        "finish_reason": "length"
      }
    ],
    "model": "mingqia2-3",
    "usage": {
      "prompt_tokens": 40,
      "completion_tokens": 163,
      "total_tokens": 203
    }
  },
  "error": null
}