{
  "batch_id": 28,
  "batch_size": 2,
  "scheduled_arrival_time": 315.1541597849499,
  "actual_send_time": 315.16868901252747,
  "request_duration": 340.7189679145813,
  "completion_time": 655.8876814842224,
  "status_code": 200,
  "prompt_idxs": [
    199,
    34
  ],
  "response": {
    "choices": [
      {
        "text": "\u626b\u5148\u751f,\u4f60\u4eca\u5929\u5fc3\u60c5\u600e\u4e48\u6837\uff1f\u201d\n\n\u201c\u4eca\u5929\u5fc3\u60c5\u4e0d\u9519\uff0c\u548c\u4f60\u4e00\u6837\u3002\u201d\n\n\u201c\u90a3\u6211\u4eec\u4e0d\u804a\u5de5\u4f5c\uff0c\u804a\u804a\u4f60\u6700\u8fd1\u7684\u751f\u6d3b\uff1f\u201d\n\n\u201c\u55ef\uff0c\u6211\u6700\u8fd1\u5728\u5b66\u4e60\u4e00\u4e9b\u65b0\u6280\u80fd\uff0c\u6bd4\u5982\u6444\u5f71\u548c\u753b\u753b\u3002\u201d\n\n\u201c\u771f\u7684\u5417\uff1f\u90a3\u592a\u597d\u4e86\uff01\u6211\u6700\u8fd1\u4e5f\u5728\u5b66\u505a\u86cb\u7cd5\uff0c\u867d\u7136\u8fd8\u4e0d\u662f\u5f88\u719f\u7ec3\uff0c\u4f46\u6211\u89c9\u5f97\u5f88\u6709\u610f\u601d\u3002\u201d\n\n\u201c\u54c7\uff0c\u505a\u86cb\u7cd5\uff1f\u4f60\u662f\u4e0d\u662f\u505a\u5f97\u5f88\u6210\u529f\uff1f\u201d\n\n\u201c\u5dee\u70b9\u5931\u8d25\uff0c\u4f46\u662f\u540e\u6765\u6210\u529f\u4e86\uff0c\u6211\u611f\u89c9\u5f88\u6709\u6210\u5c31\u611f\u3002\u201d\n\n\u201c\u771f\u68d2\uff01\u6211\u6700\u8fd1\u4e5f\u5728\u5c1d\u8bd5\u4e00\u4e9b\u65b0\u7684\u4e1c\u897f\uff0c\u6bd4\u5982\u5b66\u82f1\u8bed\uff0c\u867d\u7136\u8fd8\u662f\u6709\u70b9\u56f0\u96be\uff0c\u4f46\u6211\u89c9\u5f97\u5f88\u6709\u6311\u6218\u6027\u3002\u201d\n\n\u201c\u90a3\u592a\u597d\u4e86\uff0c\u6211\u4eec\u4e00\u8d77\u52aa\u529b\uff0c\u4e92\u76f8\u5b66\u4e60\uff0c\u52a0\u6cb9\uff01\u201d\n\n\u201c\u55ef\uff0c\u4e00\u8d77\u52a0\u6cb9\uff01\u201d\n\n\u8fd9\u6837\u5bf9\u8bdd\u770b\u8d77\u6765\u81ea\u7136\u5417\uff1f\u6709\u6ca1\u6709\u54ea\u91cc\u9700\u8981\u6539\u8fdb\u7684\u5730\u65b9\uff1f\u6709\u6ca1\u6709\u66f4\u81ea\u7136\u7684\u8868\u8fbe\u65b9\u5f0f\uff1f\n\n\u8fd9\u6bb5\u5bf9\u8bdd\u6574\u4f53\u4e0a\u662f\u81ea\u7136\u7684\uff0c\u4ea4\u6d41\u4e5f\u5f88\u8f7b\u677e\uff0c\u4f53\u73b0\u4e86\u670b\u53cb\u4e4b\u95f4\u7684\u53cb\u597d\u4e92\u52a8\u3002\u4e0d\u8fc7\uff0c\u6709\u4e9b\u5730\u65b9\u53ef\u4ee5\u7a0d\u4f5c\u8c03\u6574\uff0c\u4f7f\u5bf9\u8bdd\u66f4\u52a0\u6d41\u7545\u548c\u81ea\u7136\u3002\u4ee5\u4e0b\u662f\u4e00\u4e9b\u5efa\u8bae\uff1a\n\n1. **\u201c\u4eca\u5929\u5fc3\u60c5\u600e\u4e48\u6837\uff1f\u201d** \u8fd9\u53e5\u8bdd\u867d\u7136\u6ca1\u95ee\u9898\uff0c\u4f46\u53ef\u4ee5\u7a0d\u5fae\u53e3\u8bed\u5316\u4e00\u4e9b\uff0c\u6bd4\u5982\u201c\u4eca\u5929\u8fc7\u5f97\u600e\u4e48\u6837\uff1f\u201d\u6216\u8005\u201c\u4f60\u4eca\u5929\u5fc3\u60c5\u4e0d\u9519\uff0c\u548c\u4f60\u4e00\u6837\u3002\u201d\n2. **\u201c\u4f60\u4eca\u5929\u5fc3\u60c5\u600e\u4e48\u6837\uff1f\u201d** \u91cd\u590d\u4e86\u201c\u4eca\u5929\u201d\uff0c\u53ef\u4ee5\u6539\u4e3a\u201c\u4f60\u4eca\u5929\u5fc3\u60c5\u4e0d\u9519\uff0c\u548c\u4f60\u4e00\u6837\u3002\u201d\n3. **\u201c\u90a3\u6211\u4eec\u4e0d\u804a\u5de5\u4f5c\uff0c\u804a\u804a\u4f60\u6700\u8fd1\u7684\u751f\u6d3b\uff1f\u201d** \u8fd9\u53e5\u8bdd\u53ef\u4ee5\u66f4\u81ea\u7136\u4e00\u4e9b\uff0c\u6bd4\u5982\u201c\u90a3\u6211\u4eec\u4e0d\u804a\u5de5\u4f5c\uff0c\u804a\u804a\u5929\u5427\uff1f\u201d\n4. **\u201c\u6211\u6700\u8fd1\u5728\u5b66\u4e60\u4e00\u4e9b\u65b0\u6280\u80fd\uff0c\u6bd4\u5982\u6444\u5f71\u548c\u753b\u753b\u3002\u201d** \u8fd9\u53e5\u8bdd\u53ef\u4ee5\u7a0d\u5fae\u8c03\u6574\uff0c\u6bd4\u5982\u201c\u6211\u6700\u8fd1\u5728\u5b66\u6444\u5f71\u548c\u753b\u753b\uff0c\u611f\u89c9\u633a\u6709\u610f\u601d\u7684\u3002\u201d\n5. **\u201c\u4f60\u662f\u4e0d\u662f\u505a\u5f97\u5f88\u6210\u529f\uff1f\u201d** \u8fd9\u53e5\u8bdd\u53ef\u4ee5\u6539\u4e3a\u201c\u4f60\u662f\u4e0d\u662f\u6210\u529f\u4e86\uff1f\u201d\u6216\u8005\u201c\u4f60\u505a\u86cb\u7cd5\u6210\u529f\u4e86\u5417\uff1f\u201d\n6. **\u201c\u6211\u6700\u8fd1\u4e5f\u5728\u5c1d\u8bd5\u4e00\u4e9b\u65b0\u7684\u4e1c\u897f\uff0c\u6bd4\u5982\u5b66\u82f1\u8bed\uff0c\u867d\u7136\u8fd8\u662f\u6709\u70b9\u56f0\u96be\uff0c\u4f46\u6211\u89c9\u5f97\u5f88\u6709\u6311\u6218\u6027\u3002\u201d** \u8fd9\u53e5\u8bdd\u53ef\u4ee5\u7a0d\u5fae\u7b80\u5316\uff0c\u6bd4\u5982\u201c\u6211\u6700\u8fd1\u5728\u5b66\u82f1\u8bed\uff0c\u867d\u7136\u6709\u70b9\u96be\uff0c\u4f46\u6211\u89c9\u5f97\u5f88\u6709\u610f\u601d\u3002\u201d\n7. **\u201c\u90a3\u592a\u597d\u4e86\uff0c\u6211\u4eec\u4e00\u8d77\u52aa\u529b\uff0c\u4e92\u76f8\u5b66\u4e60\uff0c\u52a0\u6cb9\uff01\u201d** \u8fd9\u53e5\u8bdd\u53ef\u4ee5\u7a0d\u5fae\u8c03\u6574\uff0c\u6bd4\u5982\u201c\u592a\u597d\u4e86\uff0c\u6211\u4eec\u4e00\u8d77\u52aa\u529b\uff0c\u4e92\u76f8\u5b66\u4e60\uff0c\u52a0\u6cb9\uff01\u201d\n\n\u4fee\u6539\u540e\u7684\u5bf9\u8bdd\u5982\u4e0b\uff1a\n\n\u201c\u4eca\u5929\u8fc7\u5f97\u600e\u4e48\u6837\uff1f\u201d\n\n\u201c\u4eca\u5929\u5fc3\u60c5\u4e0d\u9519\uff0c\u548c\u4f60\u4e00\u6837\u3002\u201d\n\n\u201c\u90a3\u6211\u4eec\u4e0d\u804a\u5de5\u4f5c\uff0c\u804a\u804a\u5929\u5427\uff1f\u201d\n\n\u201c\u55ef\uff0c\u6211\u6700\u8fd1\u5728",
        "prompt": "Instruction: Enter the words that satisfy the given condition.\nQuestion: 5 Countries that Start with S\nGeneration:",
        "index": 0,
        "finish_reason": "length"
      },
      {
        "text": "submit_paths(paths=[[9]], weights=[0])",
        "prompt": "You are given a directed graph with 10 nodes (numbered 0 to 9) and the following edges:\n\nEdges (source -> target, weight):\n0 -> 1, weight: 39\n0 -> 2, weight: 126\n0 -> 3, weight: 352\n0 -> 4, weight: 190\n0 -> 5, weight: 363\n0 -> 6, weight: 406\n1 -> 2, weight: 60\n1 -> 3, weight: 17\n1 -> 4, weight: 230\n1 -> 5, weight: 7\n1 -> 6, weight: 336\n1 -> 7, weight: 122\n2 -> 3, weight: 285\n2 -> 4, weight: 376\n2 -> 5, weight: 395\n2 -> 6, weight: 284\n2 -> 7, weight: 359\n2 -> 8, weight: 426\n3 -> 4, weight: 100\n3 -> 5, weight: 340\n3 -> 6, weight: 471\n3 -> 7, weight: 331\n3 -> 8, weight: 219\n3 -> 9, weight: 73\n4 -> 5, weight: 91\n4 -> 6, weight: 307\n4 -> 7, weight: 60\n4 -> 8, weight: 398\n4 -> 9, weight: 458\n4 -> 0, weight: 341\n5 -> 6, weight: 74\n5 -> 7, weight: 5\n5 -> 8, weight: 277\n5 -> 9, weight: 485\n5 -> 0, weight: 488\n5 -> 1, weight: 156\n6 -> 7, weight: 522\n6 -> 8, weight: 230\n6 -> 9, weight: 80\n6 -> 0, weight: 38\n6 -> 1, weight: 162\n6 -> 2, weight: 28\n7 -> 8, weight: 4\n7 -> 9, weight: 565\n7 -> 0, weight: 215\n7 -> 1, weight: 419\n7 -> 2, weight: 475\n7 -> 3, weight: 519\n8 -> 9, weight: 193\n8 -> 0, weight: 354\n8 -> 1, weight: 31\n8 -> 2, weight: 505\n8 -> 3, weight: 543\n8 -> 4, weight: 279\n9 -> 0, weight: 247\n9 -> 1, weight: 288\n9 -> 2, weight: 483\n9 -> 3, weight: 273\n9 -> 4, weight: 456\n9 -> 5, weight: 120\n\nFind the top 2 shortest paths from node 0 to node 9.\n\nReturn your answer by calling the submit_paths function with:\n- paths: A list of paths, where each path is a list of node indices\n- weights: A list of corresponding path weights\n\nFor example, if the shortest path is [0, 2, 4] with weight 10, call:\nsubmit_paths(paths=[[0, 2, 4]], weights=[10])\n",
        "index": 1,
        "finish_reason": "length"
      }
    ],
    "model": "mingqia2-3",
    "usage": {
      "prompt_tokens": 31,
      "completion_tokens": 40,
      "total_tokens": 71
    }
  },
  "error": null
}